Command line invocation:
    /Applications/Xcode.app/Contents/Developer/usr/bin/xcodebuild -workspace Marilena.xcworkspace -scheme Marilena-iOS -destination "platform=iOS Simulator,name=iPhone 16" build

Resolve Package Graph


Resolved source packages:
  GoogleUtilities: https://github.com/google/GoogleUtilities.git @ 8.1.0
  AppCheck: https://github.com/google/app-check.git @ 11.2.0
  Promises: https://github.com/google/promises.git @ 2.4.0
  AppAuth: https://github.com/openid/AppAuth-iOS.git @ 2.0.0
  GTMSessionFetcher: https://github.com/google/gtm-session-fetcher.git @ 3.5.0
  GTMAppAuth: https://github.com/google/GTMAppAuth.git @ 5.0.0
  GoogleSignIn: https://github.com/google/GoogleSignIn-iOS.git @ 9.0.0

ComputePackagePrebuildTargetDependencyGraph

Prepare packages

CreateBuildRequest

SendProjectDescription

CreateBuildOperation

ComputeTargetDependencyGraph
note: Building targets in dependency order
note: Target dependency graph (33 targets)
    Target 'Marilena' in project 'Marilena'
        ➜ Explicit dependency on target 'GoogleSignIn' in project 'GoogleSignIn'
        ➜ Explicit dependency on target 'GoogleSignInSwift' in project 'GoogleSignIn'
    Target 'GoogleSignInSwift' in project 'GoogleSignIn'
        ➜ Explicit dependency on target 'GoogleSignInSwift' in project 'GoogleSignIn'
        ➜ Explicit dependency on target 'GoogleSignIn_GoogleSignInSwift' in project 'GoogleSignIn'
        ➜ Explicit dependency on target 'GoogleSignIn' in project 'GoogleSignIn'
        ➜ Explicit dependency on target 'AppAuth' in project 'AppAuth'
        ➜ Explicit dependency on target 'AppAuthCore' in project 'AppAuth'
        ➜ Explicit dependency on target 'AppCheckCore' in project 'AppCheck'
        ➜ Explicit dependency on target 'GTMAppAuth' in project 'GTMAppAuth'
        ➜ Explicit dependency on target 'GTMSessionFetcherCore' in project 'GTMSessionFetcher'
    Target 'GoogleSignInSwift' in project 'GoogleSignIn'
        ➜ Explicit dependency on target 'GoogleSignIn_GoogleSignInSwift' in project 'GoogleSignIn'
        ➜ Explicit dependency on target 'GoogleSignIn' in project 'GoogleSignIn'
        ➜ Explicit dependency on target 'AppAuth' in project 'AppAuth'
        ➜ Explicit dependency on target 'AppAuthCore' in project 'AppAuth'
        ➜ Explicit dependency on target 'AppCheckCore' in project 'AppCheck'
        ➜ Explicit dependency on target 'GTMAppAuth' in project 'GTMAppAuth'
        ➜ Explicit dependency on target 'GTMSessionFetcherCore' in project 'GTMSessionFetcher'
    Target 'GoogleSignIn_GoogleSignInSwift' in project 'GoogleSignIn' (no dependencies)
    Target 'GoogleSignIn' in project 'GoogleSignIn'
        ➜ Explicit dependency on target 'GoogleSignIn' in project 'GoogleSignIn'
        ➜ Explicit dependency on target 'GoogleSignIn_GoogleSignIn' in project 'GoogleSignIn'
        ➜ Explicit dependency on target 'AppAuth' in project 'AppAuth'
        ➜ Explicit dependency on target 'AppAuthCore' in project 'AppAuth'
        ➜ Explicit dependency on target 'AppCheckCore' in project 'AppCheck'
        ➜ Explicit dependency on target 'GTMAppAuth' in project 'GTMAppAuth'
        ➜ Explicit dependency on target 'GTMSessionFetcherCore' in project 'GTMSessionFetcher'
    Target 'GoogleSignIn' in project 'GoogleSignIn'
        ➜ Explicit dependency on target 'GoogleSignIn_GoogleSignIn' in project 'GoogleSignIn'
        ➜ Explicit dependency on target 'AppAuth' in project 'AppAuth'
        ➜ Explicit dependency on target 'AppAuthCore' in project 'AppAuth'
        ➜ Explicit dependency on target 'AppCheckCore' in project 'AppCheck'
        ➜ Explicit dependency on target 'GTMAppAuth' in project 'GTMAppAuth'
        ➜ Explicit dependency on target 'GTMSessionFetcherCore' in project 'GTMSessionFetcher'
    Target 'GTMAppAuth' in project 'GTMAppAuth'
        ➜ Explicit dependency on target 'GTMAppAuth' in project 'GTMAppAuth'
        ➜ Explicit dependency on target 'GTMAppAuth_GTMAppAuth' in project 'GTMAppAuth'
        ➜ Explicit dependency on target 'GTMSessionFetcherCore' in project 'GTMSessionFetcher'
        ➜ Explicit dependency on target 'AppAuthCore' in project 'AppAuth'
    Target 'GTMAppAuth' in project 'GTMAppAuth'
        ➜ Explicit dependency on target 'GTMAppAuth_GTMAppAuth' in project 'GTMAppAuth'
        ➜ Explicit dependency on target 'GTMSessionFetcherCore' in project 'GTMSessionFetcher'
        ➜ Explicit dependency on target 'AppAuthCore' in project 'AppAuth'
    Target 'GTMSessionFetcherCore' in project 'GTMSessionFetcher'
        ➜ Explicit dependency on target 'GTMSessionFetcherCore' in project 'GTMSessionFetcher'
        ➜ Explicit dependency on target 'GTMSessionFetcher_GTMSessionFetcherCore' in project 'GTMSessionFetcher'
    Target 'GTMSessionFetcherCore' in project 'GTMSessionFetcher'
        ➜ Explicit dependency on target 'GTMSessionFetcher_GTMSessionFetcherCore' in project 'GTMSessionFetcher'
    Target 'GTMSessionFetcher_GTMSessionFetcherCore' in project 'GTMSessionFetcher' (no dependencies)
    Target 'GTMAppAuth_GTMAppAuth' in project 'GTMAppAuth' (no dependencies)
    Target 'AppCheckCore' in project 'AppCheck'
        ➜ Explicit dependency on target 'AppCheckCore' in project 'AppCheck'
        ➜ Explicit dependency on target 'FBLPromises' in project 'Promises'
        ➜ Explicit dependency on target 'GULEnvironment' in project 'GoogleUtilities'
        ➜ Explicit dependency on target 'GULUserDefaults' in project 'GoogleUtilities'
    Target 'AppCheckCore' in project 'AppCheck'
        ➜ Explicit dependency on target 'FBLPromises' in project 'Promises'
        ➜ Explicit dependency on target 'GULEnvironment' in project 'GoogleUtilities'
        ➜ Explicit dependency on target 'GULUserDefaults' in project 'GoogleUtilities'
    Target 'GULUserDefaults' in project 'GoogleUtilities'
        ➜ Explicit dependency on target 'GoogleUtilities-UserDefaults' in project 'GoogleUtilities'
        ➜ Explicit dependency on target 'GoogleUtilities_GoogleUtilities-UserDefaults' in project 'GoogleUtilities'
        ➜ Explicit dependency on target 'third-party-IsAppEncrypted' in project 'GoogleUtilities'
        ➜ Explicit dependency on target 'GoogleUtilities-Environment' in project 'GoogleUtilities'
        ➜ Explicit dependency on target 'GoogleUtilities-Logger' in project 'GoogleUtilities'
    Target 'GoogleUtilities-UserDefaults' in project 'GoogleUtilities'
        ➜ Explicit dependency on target 'GoogleUtilities_GoogleUtilities-UserDefaults' in project 'GoogleUtilities'
        ➜ Explicit dependency on target 'third-party-IsAppEncrypted' in project 'GoogleUtilities'
        ➜ Explicit dependency on target 'GoogleUtilities-Environment' in project 'GoogleUtilities'
        ➜ Explicit dependency on target 'GoogleUtilities-Logger' in project 'GoogleUtilities'
    Target 'GoogleUtilities-Logger' in project 'GoogleUtilities'
        ➜ Explicit dependency on target 'GoogleUtilities_GoogleUtilities-Logger' in project 'GoogleUtilities'
        ➜ Explicit dependency on target 'third-party-IsAppEncrypted' in project 'GoogleUtilities'
        ➜ Explicit dependency on target 'GoogleUtilities-Environment' in project 'GoogleUtilities'
    Target 'GoogleUtilities_GoogleUtilities-Logger' in project 'GoogleUtilities' (no dependencies)
    Target 'GoogleUtilities_GoogleUtilities-UserDefaults' in project 'GoogleUtilities' (no dependencies)
    Target 'GULEnvironment' in project 'GoogleUtilities'
        ➜ Explicit dependency on target 'GoogleUtilities-Environment' in project 'GoogleUtilities'
        ➜ Explicit dependency on target 'GoogleUtilities_GoogleUtilities-Environment' in project 'GoogleUtilities'
        ➜ Explicit dependency on target 'third-party-IsAppEncrypted' in project 'GoogleUtilities'
    Target 'GoogleUtilities-Environment' in project 'GoogleUtilities'
        ➜ Explicit dependency on target 'GoogleUtilities_GoogleUtilities-Environment' in project 'GoogleUtilities'
        ➜ Explicit dependency on target 'third-party-IsAppEncrypted' in project 'GoogleUtilities'
    Target 'third-party-IsAppEncrypted' in project 'GoogleUtilities' (no dependencies)
    Target 'GoogleUtilities_GoogleUtilities-Environment' in project 'GoogleUtilities' (no dependencies)
    Target 'FBLPromises' in project 'Promises'
        ➜ Explicit dependency on target 'FBLPromises' in project 'Promises'
        ➜ Explicit dependency on target 'Promises_FBLPromises' in project 'Promises'
    Target 'FBLPromises' in project 'Promises'
        ➜ Explicit dependency on target 'Promises_FBLPromises' in project 'Promises'
    Target 'Promises_FBLPromises' in project 'Promises' (no dependencies)
    Target 'AppAuthCore' in project 'AppAuth'
        ➜ Explicit dependency on target 'AppAuthCore' in project 'AppAuth'
        ➜ Explicit dependency on target 'AppAuth_AppAuthCore' in project 'AppAuth'
    Target 'AppAuth' in project 'AppAuth'
        ➜ Explicit dependency on target 'AppAuth' in project 'AppAuth'
        ➜ Explicit dependency on target 'AppAuth_AppAuth' in project 'AppAuth'
        ➜ Explicit dependency on target 'AppAuthCore' in project 'AppAuth'
    Target 'AppAuth' in project 'AppAuth'
        ➜ Explicit dependency on target 'AppAuth_AppAuth' in project 'AppAuth'
        ➜ Explicit dependency on target 'AppAuthCore' in project 'AppAuth'
    Target 'AppAuthCore' in project 'AppAuth'
        ➜ Explicit dependency on target 'AppAuth_AppAuthCore' in project 'AppAuth'
    Target 'AppAuth_AppAuthCore' in project 'AppAuth' (no dependencies)
    Target 'AppAuth_AppAuth' in project 'AppAuth' (no dependencies)
    Target 'GoogleSignIn_GoogleSignIn' in project 'GoogleSignIn' (no dependencies)

GatherProvisioningInputs

CreateBuildDescription

ExecuteExternalTool /Applications/Xcode.app/Contents/Developer/Toolchains/XcodeDefault.xctoolchain/usr/bin/clang -v -E -dM -arch arm64 -isysroot /Applications/Xcode.app/Contents/Developer/Platforms/iPhoneSimulator.platform/Developer/SDKs/iPhoneSimulator26.0.sdk -x objective-c -c /dev/null

ExecuteExternalTool /Applications/Xcode.app/Contents/Developer/Toolchains/XcodeDefault.xctoolchain/usr/bin/swiftc --version

ExecuteExternalTool /Applications/Xcode.app/Contents/Developer/Toolchains/XcodeDefault.xctoolchain/usr/bin/clang -v -E -dM -isysroot /Applications/Xcode.app/Contents/Developer/Platforms/iPhoneSimulator.platform/Developer/SDKs/iPhoneSimulator26.0.sdk -x c -c /dev/null

ExecuteExternalTool /Applications/Xcode.app/Contents/Developer/usr/bin/momc --dry-run --action generate --swift-version 5.0 --sdkroot /Applications/Xcode.app/Contents/Developer/Platforms/iPhoneSimulator.platform/Developer/SDKs/iPhoneSimulator26.0.sdk --iphonesimulator-deployment-target 26.0 --module Marilena /Users/mariomoschetta/Downloads/Marilena/Marilena/Marilena.xcdatamodeld /Users/mariomoschetta/Library/Developer/Xcode/DerivedData/Marilena-gmrsufdusugrudcwsykfyngpwezm/Build/Intermediates.noindex/Marilena.build/Debug-iphonesimulator/Marilena.build/DerivedSources/CoreDataGenerated/Marilena

ExecuteExternalTool /Applications/Xcode.app/Contents/Developer/Toolchains/XcodeDefault.xctoolchain/usr/bin/clang -v -E -dM -arch arm64 -isysroot /Applications/Xcode.app/Contents/Developer/Platforms/iPhoneSimulator.platform/Developer/SDKs/iPhoneSimulator26.0.sdk -x c -c /dev/null

ExecuteExternalTool /Applications/Xcode.app/Contents/Developer/usr/bin/actool --print-asset-tag-combinations --output-format xml1 /Users/mariomoschetta/Downloads/Marilena/Marilena/Assets.xcassets

ExecuteExternalTool /Applications/Xcode.app/Contents/Developer/Toolchains/XcodeDefault.xctoolchain/usr/bin/ld -version_details

ExecuteExternalTool /Applications/Xcode.app/Contents/Developer/usr/bin/actool --version --output-format xml1

Build description signature: 0c01eb4b52c2322988aa0c911ed22297
Build description path: /Users/mariomoschetta/Library/Developer/Xcode/DerivedData/Marilena-gmrsufdusugrudcwsykfyngpwezm/Build/Intermediates.noindex/XCBuildData/0c01eb4b52c2322988aa0c911ed22297.xcbuilddata
ClangStatCache /Applications/Xcode.app/Contents/Developer/Toolchains/XcodeDefault.xctoolchain/usr/bin/clang-stat-cache /Applications/Xcode.app/Contents/Developer/Platforms/iPhoneSimulator.platform/Developer/SDKs/iPhoneSimulator26.0.sdk /Users/mariomoschetta/Library/Developer/Xcode/DerivedData/SDKStatCaches.noindex/iphonesimulator26.0-23A337-26257891a6c027eb51374368541b8346.sdkstatcache
    cd /Users/mariomoschetta/Downloads/Marilena
    /Applications/Xcode.app/Contents/Developer/Toolchains/XcodeDefault.xctoolchain/usr/bin/clang-stat-cache /Applications/Xcode.app/Contents/Developer/Platforms/iPhoneSimulator.platform/Developer/SDKs/iPhoneSimulator26.0.sdk -o /Users/mariomoschetta/Library/Developer/Xcode/DerivedData/SDKStatCaches.noindex/iphonesimulator26.0-23A337-26257891a6c027eb51374368541b8346.sdkstatcache

ProcessInfoPlistFile /Users/mariomoschetta/Library/Developer/Xcode/DerivedData/Marilena-gmrsufdusugrudcwsykfyngpwezm/Build/Products/Debug-iphonesimulator/GoogleUtilities_GoogleUtilities-UserDefaults.bundle/Info.plist /Users/mariomoschetta/Library/Developer/Xcode/DerivedData/Marilena-gmrsufdusugrudcwsykfyngpwezm/Build/Intermediates.noindex/GoogleUtilities.build/Debug-iphonesimulator/GoogleUtilities_GoogleUtilities-UserDefaults.build/empty-GoogleUtilities_GoogleUtilities-UserDefaults.plist (in target 'GoogleUtilities_GoogleUtilities-UserDefaults' from project 'GoogleUtilities')
    cd /Users/mariomoschetta/Library/Developer/Xcode/DerivedData/Marilena-gmrsufdusugrudcwsykfyngpwezm/SourcePackages/checkouts/GoogleUtilities
    builtin-infoPlistUtility /Users/mariomoschetta/Library/Developer/Xcode/DerivedData/Marilena-gmrsufdusugrudcwsykfyngpwezm/Build/Intermediates.noindex/GoogleUtilities.build/Debug-iphonesimulator/GoogleUtilities_GoogleUtilities-UserDefaults.build/empty-GoogleUtilities_GoogleUtilities-UserDefaults.plist -producttype com.apple.product-type.bundle -expandbuildsettings -format binary -platform iphonesimulator -o /Users/mariomoschetta/Library/Developer/Xcode/DerivedData/Marilena-gmrsufdusugrudcwsykfyngpwezm/Build/Products/Debug-iphonesimulator/GoogleUtilities_GoogleUtilities-UserDefaults.bundle/Info.plist

ProcessInfoPlistFile /Users/mariomoschetta/Library/Developer/Xcode/DerivedData/Marilena-gmrsufdusugrudcwsykfyngpwezm/Build/Products/Debug-iphonesimulator/GoogleUtilities_GoogleUtilities-Environment.bundle/Info.plist /Users/mariomoschetta/Library/Developer/Xcode/DerivedData/Marilena-gmrsufdusugrudcwsykfyngpwezm/Build/Intermediates.noindex/GoogleUtilities.build/Debug-iphonesimulator/GoogleUtilities_GoogleUtilities-Environment.build/empty-GoogleUtilities_GoogleUtilities-Environment.plist (in target 'GoogleUtilities_GoogleUtilities-Environment' from project 'GoogleUtilities')
    cd /Users/mariomoschetta/Library/Developer/Xcode/DerivedData/Marilena-gmrsufdusugrudcwsykfyngpwezm/SourcePackages/checkouts/GoogleUtilities
    builtin-infoPlistUtility /Users/mariomoschetta/Library/Developer/Xcode/DerivedData/Marilena-gmrsufdusugrudcwsykfyngpwezm/Build/Intermediates.noindex/GoogleUtilities.build/Debug-iphonesimulator/GoogleUtilities_GoogleUtilities-Environment.build/empty-GoogleUtilities_GoogleUtilities-Environment.plist -producttype com.apple.product-type.bundle -expandbuildsettings -format binary -platform iphonesimulator -o /Users/mariomoschetta/Library/Developer/Xcode/DerivedData/Marilena-gmrsufdusugrudcwsykfyngpwezm/Build/Products/Debug-iphonesimulator/GoogleUtilities_GoogleUtilities-Environment.bundle/Info.plist

ProcessInfoPlistFile /Users/mariomoschetta/Library/Developer/Xcode/DerivedData/Marilena-gmrsufdusugrudcwsykfyngpwezm/Build/Products/Debug-iphonesimulator/Promises_FBLPromises.bundle/Info.plist /Users/mariomoschetta/Library/Developer/Xcode/DerivedData/Marilena-gmrsufdusugrudcwsykfyngpwezm/Build/Intermediates.noindex/Promises.build/Debug-iphonesimulator/Promises_FBLPromises.build/empty-Promises_FBLPromises.plist (in target 'Promises_FBLPromises' from project 'Promises')
    cd /Users/mariomoschetta/Library/Developer/Xcode/DerivedData/Marilena-gmrsufdusugrudcwsykfyngpwezm/SourcePackages/checkouts/promises
    builtin-infoPlistUtility /Users/mariomoschetta/Library/Developer/Xcode/DerivedData/Marilena-gmrsufdusugrudcwsykfyngpwezm/Build/Intermediates.noindex/Promises.build/Debug-iphonesimulator/Promises_FBLPromises.build/empty-Promises_FBLPromises.plist -producttype com.apple.product-type.bundle -expandbuildsettings -format binary -platform iphonesimulator -o /Users/mariomoschetta/Library/Developer/Xcode/DerivedData/Marilena-gmrsufdusugrudcwsykfyngpwezm/Build/Products/Debug-iphonesimulator/Promises_FBLPromises.bundle/Info.plist

ProcessInfoPlistFile /Users/mariomoschetta/Library/Developer/Xcode/DerivedData/Marilena-gmrsufdusugrudcwsykfyngpwezm/Build/Products/Debug-iphonesimulator/GoogleSignIn_GoogleSignInSwift.bundle/Info.plist /Users/mariomoschetta/Library/Developer/Xcode/DerivedData/Marilena-gmrsufdusugrudcwsykfyngpwezm/Build/Intermediates.noindex/GoogleSignIn.build/Debug-iphonesimulator/GoogleSignIn_GoogleSignInSwift.build/empty-GoogleSignIn_GoogleSignInSwift.plist (in target 'GoogleSignIn_GoogleSignInSwift' from project 'GoogleSignIn')
    cd /Users/mariomoschetta/Library/Developer/Xcode/DerivedData/Marilena-gmrsufdusugrudcwsykfyngpwezm/SourcePackages/checkouts/GoogleSignIn-iOS
    builtin-infoPlistUtility /Users/mariomoschetta/Library/Developer/Xcode/DerivedData/Marilena-gmrsufdusugrudcwsykfyngpwezm/Build/Intermediates.noindex/GoogleSignIn.build/Debug-iphonesimulator/GoogleSignIn_GoogleSignInSwift.build/empty-GoogleSignIn_GoogleSignInSwift.plist -producttype com.apple.product-type.bundle -expandbuildsettings -format binary -platform iphonesimulator -o /Users/mariomoschetta/Library/Developer/Xcode/DerivedData/Marilena-gmrsufdusugrudcwsykfyngpwezm/Build/Products/Debug-iphonesimulator/GoogleSignIn_GoogleSignInSwift.bundle/Info.plist

ProcessInfoPlistFile /Users/mariomoschetta/Library/Developer/Xcode/DerivedData/Marilena-gmrsufdusugrudcwsykfyngpwezm/Build/Products/Debug-iphonesimulator/GoogleSignIn_GoogleSignIn.bundle/Info.plist /Users/mariomoschetta/Library/Developer/Xcode/DerivedData/Marilena-gmrsufdusugrudcwsykfyngpwezm/Build/Intermediates.noindex/GoogleSignIn.build/Debug-iphonesimulator/GoogleSignIn_GoogleSignIn.build/empty-GoogleSignIn_GoogleSignIn.plist (in target 'GoogleSignIn_GoogleSignIn' from project 'GoogleSignIn')
    cd /Users/mariomoschetta/Library/Developer/Xcode/DerivedData/Marilena-gmrsufdusugrudcwsykfyngpwezm/SourcePackages/checkouts/GoogleSignIn-iOS
    builtin-infoPlistUtility /Users/mariomoschetta/Library/Developer/Xcode/DerivedData/Marilena-gmrsufdusugrudcwsykfyngpwezm/Build/Intermediates.noindex/GoogleSignIn.build/Debug-iphonesimulator/GoogleSignIn_GoogleSignIn.build/empty-GoogleSignIn_GoogleSignIn.plist -producttype com.apple.product-type.bundle -expandbuildsettings -format binary -platform iphonesimulator -o /Users/mariomoschetta/Library/Developer/Xcode/DerivedData/Marilena-gmrsufdusugrudcwsykfyngpwezm/Build/Products/Debug-iphonesimulator/GoogleSignIn_GoogleSignIn.bundle/Info.plist

ProcessInfoPlistFile /Users/mariomoschetta/Library/Developer/Xcode/DerivedData/Marilena-gmrsufdusugrudcwsykfyngpwezm/Build/Products/Debug-iphonesimulator/GTMSessionFetcher_GTMSessionFetcherCore.bundle/Info.plist /Users/mariomoschetta/Library/Developer/Xcode/DerivedData/Marilena-gmrsufdusugrudcwsykfyngpwezm/Build/Intermediates.noindex/GTMSessionFetcher.build/Debug-iphonesimulator/GTMSessionFetcher_GTMSessionFetcherCore.build/empty-GTMSessionFetcher_GTMSessionFetcherCore.plist (in target 'GTMSessionFetcher_GTMSessionFetcherCore' from project 'GTMSessionFetcher')
    cd /Users/mariomoschetta/Library/Developer/Xcode/DerivedData/Marilena-gmrsufdusugrudcwsykfyngpwezm/SourcePackages/checkouts/gtm-session-fetcher
    builtin-infoPlistUtility /Users/mariomoschetta/Library/Developer/Xcode/DerivedData/Marilena-gmrsufdusugrudcwsykfyngpwezm/Build/Intermediates.noindex/GTMSessionFetcher.build/Debug-iphonesimulator/GTMSessionFetcher_GTMSessionFetcherCore.build/empty-GTMSessionFetcher_GTMSessionFetcherCore.plist -producttype com.apple.product-type.bundle -expandbuildsettings -format binary -platform iphonesimulator -o /Users/mariomoschetta/Library/Developer/Xcode/DerivedData/Marilena-gmrsufdusugrudcwsykfyngpwezm/Build/Products/Debug-iphonesimulator/GTMSessionFetcher_GTMSessionFetcherCore.bundle/Info.plist

ProcessInfoPlistFile /Users/mariomoschetta/Library/Developer/Xcode/DerivedData/Marilena-gmrsufdusugrudcwsykfyngpwezm/Build/Products/Debug-iphonesimulator/AppAuth_AppAuthCore.bundle/Info.plist /Users/mariomoschetta/Library/Developer/Xcode/DerivedData/Marilena-gmrsufdusugrudcwsykfyngpwezm/Build/Intermediates.noindex/AppAuth.build/Debug-iphonesimulator/AppAuth_AppAuthCore.build/empty-AppAuth_AppAuthCore.plist (in target 'AppAuth_AppAuthCore' from project 'AppAuth')
    cd /Users/mariomoschetta/Library/Developer/Xcode/DerivedData/Marilena-gmrsufdusugrudcwsykfyngpwezm/SourcePackages/checkouts/AppAuth-iOS
    builtin-infoPlistUtility /Users/mariomoschetta/Library/Developer/Xcode/DerivedData/Marilena-gmrsufdusugrudcwsykfyngpwezm/Build/Intermediates.noindex/AppAuth.build/Debug-iphonesimulator/AppAuth_AppAuthCore.build/empty-AppAuth_AppAuthCore.plist -producttype com.apple.product-type.bundle -expandbuildsettings -format binary -platform iphonesimulator -o /Users/mariomoschetta/Library/Developer/Xcode/DerivedData/Marilena-gmrsufdusugrudcwsykfyngpwezm/Build/Products/Debug-iphonesimulator/AppAuth_AppAuthCore.bundle/Info.plist

ProcessInfoPlistFile /Users/mariomoschetta/Library/Developer/Xcode/DerivedData/Marilena-gmrsufdusugrudcwsykfyngpwezm/Build/Products/Debug-iphonesimulator/AppAuth_AppAuth.bundle/Info.plist /Users/mariomoschetta/Library/Developer/Xcode/DerivedData/Marilena-gmrsufdusugrudcwsykfyngpwezm/Build/Intermediates.noindex/AppAuth.build/Debug-iphonesimulator/AppAuth_AppAuth.build/empty-AppAuth_AppAuth.plist (in target 'AppAuth_AppAuth' from project 'AppAuth')
    cd /Users/mariomoschetta/Library/Developer/Xcode/DerivedData/Marilena-gmrsufdusugrudcwsykfyngpwezm/SourcePackages/checkouts/AppAuth-iOS
    builtin-infoPlistUtility /Users/mariomoschetta/Library/Developer/Xcode/DerivedData/Marilena-gmrsufdusugrudcwsykfyngpwezm/Build/Intermediates.noindex/AppAuth.build/Debug-iphonesimulator/AppAuth_AppAuth.build/empty-AppAuth_AppAuth.plist -producttype com.apple.product-type.bundle -expandbuildsettings -format binary -platform iphonesimulator -o /Users/mariomoschetta/Library/Developer/Xcode/DerivedData/Marilena-gmrsufdusugrudcwsykfyngpwezm/Build/Products/Debug-iphonesimulator/AppAuth_AppAuth.bundle/Info.plist

ProcessInfoPlistFile /Users/mariomoschetta/Library/Developer/Xcode/DerivedData/Marilena-gmrsufdusugrudcwsykfyngpwezm/Build/Products/Debug-iphonesimulator/GTMAppAuth_GTMAppAuth.bundle/Info.plist /Users/mariomoschetta/Library/Developer/Xcode/DerivedData/Marilena-gmrsufdusugrudcwsykfyngpwezm/Build/Intermediates.noindex/GTMAppAuth.build/Debug-iphonesimulator/GTMAppAuth_GTMAppAuth.build/empty-GTMAppAuth_GTMAppAuth.plist (in target 'GTMAppAuth_GTMAppAuth' from project 'GTMAppAuth')
    cd /Users/mariomoschetta/Library/Developer/Xcode/DerivedData/Marilena-gmrsufdusugrudcwsykfyngpwezm/SourcePackages/checkouts/GTMAppAuth
    builtin-infoPlistUtility /Users/mariomoschetta/Library/Developer/Xcode/DerivedData/Marilena-gmrsufdusugrudcwsykfyngpwezm/Build/Intermediates.noindex/GTMAppAuth.build/Debug-iphonesimulator/GTMAppAuth_GTMAppAuth.build/empty-GTMAppAuth_GTMAppAuth.plist -producttype com.apple.product-type.bundle -expandbuildsettings -format binary -platform iphonesimulator -o /Users/mariomoschetta/Library/Developer/Xcode/DerivedData/Marilena-gmrsufdusugrudcwsykfyngpwezm/Build/Products/Debug-iphonesimulator/GTMAppAuth_GTMAppAuth.bundle/Info.plist

SwiftDriver Marilena normal arm64 com.apple.xcode.tools.swift.compiler (in target 'Marilena' from project 'Marilena')
    cd /Users/mariomoschetta/Downloads/Marilena
    builtin-SwiftDriver -- /Applications/Xcode.app/Contents/Developer/Toolchains/XcodeDefault.xctoolchain/usr/bin/swiftc -module-name Marilena -Onone -enforce-exclusivity\=checked @/Users/mariomoschetta/Library/Developer/Xcode/DerivedData/Marilena-gmrsufdusugrudcwsykfyngpwezm/Build/Intermediates.noindex/Marilena.build/Debug-iphonesimulator/Marilena.build/Objects-normal/arm64/Marilena.SwiftFileList -DDEBUG -Xcc -fmodule-map-file\=/Users/mariomoschetta/Library/Developer/Xcode/DerivedData/Marilena-gmrsufdusugrudcwsykfyngpwezm/Build/Intermediates.noindex/GeneratedModuleMaps-iphonesimulator/AppAuth.modulemap -Xcc -fmodule-map-file\=/Users/mariomoschetta/Library/Developer/Xcode/DerivedData/Marilena-gmrsufdusugrudcwsykfyngpwezm/Build/Intermediates.noindex/GeneratedModuleMaps-iphonesimulator/AppAuthCore.modulemap -Xcc -fmodule-map-file\=/Users/mariomoschetta/Library/Developer/Xcode/DerivedData/Marilena-gmrsufdusugrudcwsykfyngpwezm/Build/Intermediates.noindex/GeneratedModuleMaps-iphonesimulator/GoogleUtilities-Logger.modulemap -Xcc -fmodule-map-file\=/Users/mariomoschetta/Library/Developer/Xcode/DerivedData/Marilena-gmrsufdusugrudcwsykfyngpwezm/Build/Intermediates.noindex/GeneratedModuleMaps-iphonesimulator/GoogleUtilities-Environment.modulemap -Xcc -fmodule-map-file\=/Users/mariomoschetta/Library/Developer/Xcode/DerivedData/Marilena-gmrsufdusugrudcwsykfyngpwezm/Build/Intermediates.noindex/GeneratedModuleMaps-iphonesimulator/third-party-IsAppEncrypted.modulemap -Xcc -fmodule-map-file\=/Users/mariomoschetta/Library/Developer/Xcode/DerivedData/Marilena-gmrsufdusugrudcwsykfyngpwezm/Build/Intermediates.noindex/GeneratedModuleMaps-iphonesimulator/GoogleUtilities-UserDefaults.modulemap -Xcc -fmodule-map-file\=/Users/mariomoschetta/Library/Developer/Xcode/DerivedData/Marilena-gmrsufdusugrudcwsykfyngpwezm/Build/Intermediates.noindex/GeneratedModuleMaps-iphonesimulator/AppCheckCore.modulemap -Xcc -fmodule-map-file\=/Users/mariomoschetta/Library/Developer/Xcode/DerivedData/Marilena-gmrsufdusugrudcwsykfyngpwezm/Build/Intermediates.noindex/GeneratedModuleMaps-iphonesimulator/GTMSessionFetcherCore.modulemap -Xcc -fmodule-map-file\=/Users/mariomoschetta/Library/Developer/Xcode/DerivedData/Marilena-gmrsufdusugrudcwsykfyngpwezm/Build/Intermediates.noindex/GeneratedModuleMaps-iphonesimulator/GoogleSignIn.modulemap -default-isolation\=MainActor -enable-bare-slash-regex -enable-upcoming-feature DisableOutwardActorInference -enable-upcoming-feature InferSendableFromCaptures -enable-upcoming-feature GlobalActorIsolatedTypesUsability -enable-upcoming-feature MemberImportVisibility -enable-upcoming-feature InferIsolatedConformances -enable-upcoming-feature NonisolatedNonsendingByDefault -enable-experimental-feature DebugDescriptionMacro -sdk /Applications/Xcode.app/Contents/Developer/Platforms/iPhoneSimulator.platform/Developer/SDKs/iPhoneSimulator26.0.sdk -target arm64-apple-ios26.0-simulator -g -module-cache-path /Users/mariomoschetta/Library/Developer/Xcode/DerivedData/ModuleCache.noindex -Xfrontend -serialize-debugging-options -profile-coverage-mapping -profile-generate -enable-testing -index-store-path /Users/mariomoschetta/Library/Developer/Xcode/DerivedData/Marilena-gmrsufdusugrudcwsykfyngpwezm/Index.noindex/DataStore -Xcc -D_LIBCPP_HARDENING_MODE\=_LIBCPP_HARDENING_MODE_DEBUG -swift-version 5 -I /Users/mariomoschetta/Library/Developer/Xcode/DerivedData/Marilena-gmrsufdusugrudcwsykfyngpwezm/Build/Products/Debug-iphonesimulator -F /Users/mariomoschetta/Library/Developer/Xcode/DerivedData/Marilena-gmrsufdusugrudcwsykfyngpwezm/Build/Products/Debug-iphonesimulator/PackageFrameworks -F /Users/mariomoschetta/Library/Developer/Xcode/DerivedData/Marilena-gmrsufdusugrudcwsykfyngpwezm/Build/Products/Debug-iphonesimulator/PackageFrameworks -F /Users/mariomoschetta/Library/Developer/Xcode/DerivedData/Marilena-gmrsufdusugrudcwsykfyngpwezm/Build/Products/Debug-iphonesimulator/PackageFrameworks -F /Users/mariomoschetta/Library/Developer/Xcode/DerivedData/Marilena-gmrsufdusugrudcwsykfyngpwezm/Build/Products/Debug-iphonesimulator/PackageFrameworks -F /Users/mariomoschetta/Library/Developer/Xcode/DerivedData/Marilena-gmrsufdusugrudcwsykfyngpwezm/Build/Products/Debug-iphonesimulator/PackageFrameworks -F /Users/mariomoschetta/Library/Developer/Xcode/DerivedData/Marilena-gmrsufdusugrudcwsykfyngpwezm/Build/Products/Debug-iphonesimulator/PackageFrameworks -F /Users/mariomoschetta/Library/Developer/Xcode/DerivedData/Marilena-gmrsufdusugrudcwsykfyngpwezm/Build/Products/Debug-iphonesimulator/PackageFrameworks -F /Users/mariomoschetta/Library/Developer/Xcode/DerivedData/Marilena-gmrsufdusugrudcwsykfyngpwezm/Build/Products/Debug-iphonesimulator/PackageFrameworks -F /Users/mariomoschetta/Library/Developer/Xcode/DerivedData/Marilena-gmrsufdusugrudcwsykfyngpwezm/Build/Products/Debug-iphonesimulator/PackageFrameworks -F /Users/mariomoschetta/Library/Developer/Xcode/DerivedData/Marilena-gmrsufdusugrudcwsykfyngpwezm/Build/Products/Debug-iphonesimulator/PackageFrameworks -F /Users/mariomoschetta/Library/Developer/Xcode/DerivedData/Marilena-gmrsufdusugrudcwsykfyngpwezm/Build/Products/Debug-iphonesimulator/PackageFrameworks -F /Users/mariomoschetta/Library/Developer/Xcode/DerivedData/Marilena-gmrsufdusugrudcwsykfyngpwezm/Build/Products/Debug-iphonesimulator/PackageFrameworks -F /Users/mariomoschetta/Library/Developer/Xcode/DerivedData/Marilena-gmrsufdusugrudcwsykfyngpwezm/Build/Products/Debug-iphonesimulator -emit-localized-strings -emit-localized-strings-path /Users/mariomoschetta/Library/Developer/Xcode/DerivedData/Marilena-gmrsufdusugrudcwsykfyngpwezm/Build/Intermediates.noindex/Marilena.build/Debug-iphonesimulator/Marilena.build/Objects-normal/arm64 -c -j10 -enable-batch-mode -incremental -Xcc -ivfsstatcache -Xcc /Users/mariomoschetta/Library/Developer/Xcode/DerivedData/SDKStatCaches.noindex/iphonesimulator26.0-23A337-26257891a6c027eb51374368541b8346.sdkstatcache -output-file-map /Users/mariomoschetta/Library/Developer/Xcode/DerivedData/Marilena-gmrsufdusugrudcwsykfyngpwezm/Build/Intermediates.noindex/Marilena.build/Debug-iphonesimulator/Marilena.build/Objects-normal/arm64/Marilena-OutputFileMap.json -use-frontend-parseable-output -save-temps -no-color-diagnostics -explicit-module-build -module-cache-path /Users/mariomoschetta/Library/Developer/Xcode/DerivedData/Marilena-gmrsufdusugrudcwsykfyngpwezm/Build/Intermediates.noindex/SwiftExplicitPrecompiledModules -clang-scanner-module-cache-path /Users/mariomoschetta/Library/Developer/Xcode/DerivedData/ModuleCache.noindex -sdk-module-cache-path /Users/mariomoschetta/Library/Developer/Xcode/DerivedData/ModuleCache.noindex -serialize-diagnostics -emit-dependencies -emit-module -emit-module-path /Users/mariomoschetta/Library/Developer/Xcode/DerivedData/Marilena-gmrsufdusugrudcwsykfyngpwezm/Build/Intermediates.noindex/Marilena.build/Debug-iphonesimulator/Marilena.build/Objects-normal/arm64/Marilena.swiftmodule -validate-clang-modules-once -clang-build-session-file /Users/mariomoschetta/Library/Developer/Xcode/DerivedData/ModuleCache.noindex/Session.modulevalidation -Xcc -I/Users/mariomoschetta/Library/Developer/Xcode/DerivedData/Marilena-gmrsufdusugrudcwsykfyngpwezm/Build/Intermediates.noindex/Marilena.build/Debug-iphonesimulator/Marilena.build/swift-overrides.hmap -emit-const-values -Xfrontend -const-gather-protocols-file -Xfrontend /Users/mariomoschetta/Library/Developer/Xcode/DerivedData/Marilena-gmrsufdusugrudcwsykfyngpwezm/Build/Intermediates.noindex/Marilena.build/Debug-iphonesimulator/Marilena.build/Objects-normal/arm64/Marilena_const_extract_protocols.json -Xcc -iquote -Xcc /Users/mariomoschetta/Library/Developer/Xcode/DerivedData/Marilena-gmrsufdusugrudcwsykfyngpwezm/Build/Intermediates.noindex/Marilena.build/Debug-iphonesimulator/Marilena.build/Marilena-generated-files.hmap -Xcc -I/Users/mariomoschetta/Library/Developer/Xcode/DerivedData/Marilena-gmrsufdusugrudcwsykfyngpwezm/Build/Intermediates.noindex/Marilena.build/Debug-iphonesimulator/Marilena.build/Marilena-own-target-headers.hmap -Xcc -I/Users/mariomoschetta/Library/Developer/Xcode/DerivedData/Marilena-gmrsufdusugrudcwsykfyngpwezm/Build/Intermediates.noindex/Marilena.build/Debug-iphonesimulator/Marilena.build/Marilena-all-non-framework-target-headers.hmap -Xcc -ivfsoverlay -Xcc /Users/mariomoschetta/Library/Developer/Xcode/DerivedData/Marilena-gmrsufdusugrudcwsykfyngpwezm/Build/Intermediates.noindex/Marilena.build/Debug-iphonesimulator/Marilena-97d9d17465d2c92c804a06e885683b02-VFS-iphonesimulator/all-product-headers.yaml -Xcc -iquote -Xcc /Users/mariomoschetta/Library/Developer/Xcode/DerivedData/Marilena-gmrsufdusugrudcwsykfyngpwezm/Build/Intermediates.noindex/Marilena.build/Debug-iphonesimulator/Marilena.build/Marilena-project-headers.hmap -Xcc -I/Users/mariomoschetta/Library/Developer/Xcode/DerivedData/Marilena-gmrsufdusugrudcwsykfyngpwezm/SourcePackages/checkouts/AppAuth-iOS/Sources/AppAuth -Xcc -I/Users/mariomoschetta/Library/Developer/Xcode/DerivedData/Marilena-gmrsufdusugrudcwsykfyngpwezm/SourcePackages/checkouts/AppAuth-iOS/Sources/AppAuthCore -Xcc -I/Users/mariomoschetta/Library/Developer/Xcode/DerivedData/Marilena-gmrsufdusugrudcwsykfyngpwezm/SourcePackages/checkouts/promises/Sources/FBLPromises/include -Xcc -I/Users/mariomoschetta/Library/Developer/Xcode/DerivedData/Marilena-gmrsufdusugrudcwsykfyngpwezm/SourcePackages/checkouts/GoogleUtilities/GoogleUtilities/Logger/Public -Xcc -I/Users/mariomoschetta/Library/Developer/Xcode/DerivedData/Marilena-gmrsufdusugrudcwsykfyngpwezm/SourcePackages/checkouts/GoogleUtilities/GoogleUtilities/Environment/Public -Xcc -I/Users/mariomoschetta/Library/Developer/Xcode/DerivedData/Marilena-gmrsufdusugrudcwsykfyngpwezm/SourcePackages/checkouts/GoogleUtilities/third_party/IsAppEncrypted/Public -Xcc -I/Users/mariomoschetta/Library/Developer/Xcode/DerivedData/Marilena-gmrsufdusugrudcwsykfyngpwezm/SourcePackages/checkouts/GoogleUtilities/GoogleUtilities/UserDefaults/Public -Xcc -I/Users/mariomoschetta/Library/Developer/Xcode/DerivedData/Marilena-gmrsufdusugrudcwsykfyngpwezm/SourcePackages/checkouts/app-check/AppCheckCore/Sources/Public -Xcc -I/Users/mariomoschetta/Library/Developer/Xcode/DerivedData/Marilena-gmrsufdusugrudcwsykfyngpwezm/SourcePackages/checkouts/gtm-session-fetcher/Sources/Core/Public -Xcc -I/Users/mariomoschetta/Library/Developer/Xcode/DerivedData/Marilena-gmrsufdusugrudcwsykfyngpwezm/SourcePackages/checkouts/GoogleSignIn-iOS/GoogleSignIn/Sources/Public -Xcc -I/Users/mariomoschetta/Library/Developer/Xcode/DerivedData/Marilena-gmrsufdusugrudcwsykfyngpwezm/Build/Products/Debug-iphonesimulator/include -Xcc -I/Users/mariomoschetta/Library/Developer/Xcode/DerivedData/Marilena-gmrsufdusugrudcwsykfyngpwezm/Build/Intermediates.noindex/Marilena.build/Debug-iphonesimulator/Marilena.build/DerivedSources-normal/arm64 -Xcc -I/Users/mariomoschetta/Library/Developer/Xcode/DerivedData/Marilena-gmrsufdusugrudcwsykfyngpwezm/Build/Intermediates.noindex/Marilena.build/Debug-iphonesimulator/Marilena.build/DerivedSources/arm64 -Xcc -I/Users/mariomoschetta/Library/Developer/Xcode/DerivedData/Marilena-gmrsufdusugrudcwsykfyngpwezm/Build/Intermediates.noindex/Marilena.build/Debug-iphonesimulator/Marilena.build/DerivedSources -Xcc -DDEBUG\=1 -emit-objc-header -emit-objc-header-path /Users/mariomoschetta/Library/Developer/Xcode/DerivedData/Marilena-gmrsufdusugrudcwsykfyngpwezm/Build/Intermediates.noindex/Marilena.build/Debug-iphonesimulator/Marilena.build/Objects-normal/arm64/Marilena-Swift.h -working-directory /Users/mariomoschetta/Downloads/Marilena -experimental-emit-module-separately -disable-cmo

ProcessInfoPlistFile /Users/mariomoschetta/Library/Developer/Xcode/DerivedData/Marilena-gmrsufdusugrudcwsykfyngpwezm/Build/Products/Debug-iphonesimulator/GoogleUtilities_GoogleUtilities-Logger.bundle/Info.plist /Users/mariomoschetta/Library/Developer/Xcode/DerivedData/Marilena-gmrsufdusugrudcwsykfyngpwezm/Build/Intermediates.noindex/GoogleUtilities.build/Debug-iphonesimulator/GoogleUtilities_GoogleUtilities-Logger.build/empty-GoogleUtilities_GoogleUtilities-Logger.plist (in target 'GoogleUtilities_GoogleUtilities-Logger' from project 'GoogleUtilities')
    cd /Users/mariomoschetta/Library/Developer/Xcode/DerivedData/Marilena-gmrsufdusugrudcwsykfyngpwezm/SourcePackages/checkouts/GoogleUtilities
    builtin-infoPlistUtility /Users/mariomoschetta/Library/Developer/Xcode/DerivedData/Marilena-gmrsufdusugrudcwsykfyngpwezm/Build/Intermediates.noindex/GoogleUtilities.build/Debug-iphonesimulator/GoogleUtilities_GoogleUtilities-Logger.build/empty-GoogleUtilities_GoogleUtilities-Logger.plist -producttype com.apple.product-type.bundle -expandbuildsettings -format binary -platform iphonesimulator -o /Users/mariomoschetta/Library/Developer/Xcode/DerivedData/Marilena-gmrsufdusugrudcwsykfyngpwezm/Build/Products/Debug-iphonesimulator/GoogleUtilities_GoogleUtilities-Logger.bundle/Info.plist

ProcessInfoPlistFile /Users/mariomoschetta/Library/Developer/Xcode/DerivedData/Marilena-gmrsufdusugrudcwsykfyngpwezm/Build/Products/Debug-iphonesimulator/Marilena.app/Info.plist /Users/mariomoschetta/Downloads/Marilena/Marilena/Info.plist (in target 'Marilena' from project 'Marilena')
    cd /Users/mariomoschetta/Downloads/Marilena
    builtin-infoPlistUtility /Users/mariomoschetta/Downloads/Marilena/Marilena/Info.plist -producttype com.apple.product-type.application -genpkginfo /Users/mariomoschetta/Library/Developer/Xcode/DerivedData/Marilena-gmrsufdusugrudcwsykfyngpwezm/Build/Products/Debug-iphonesimulator/Marilena.app/PkgInfo -expandbuildsettings -format binary -platform iphonesimulator -additionalcontentfile /Users/mariomoschetta/Library/Developer/Xcode/DerivedData/Marilena-gmrsufdusugrudcwsykfyngpwezm/Build/Intermediates.noindex/Marilena.build/Debug-iphonesimulator/Marilena.build/assetcatalog_generated_info.plist -scanforprivacyfile /Users/mariomoschetta/Library/Developer/Xcode/DerivedData/Marilena-gmrsufdusugrudcwsykfyngpwezm/Build/Products/Debug-iphonesimulator/Marilena.app/AppAuth_AppAuth.bundle -scanforprivacyfile /Users/mariomoschetta/Library/Developer/Xcode/DerivedData/Marilena-gmrsufdusugrudcwsykfyngpwezm/Build/Products/Debug-iphonesimulator/Marilena.app/AppAuth_AppAuthCore.bundle -scanforprivacyfile /Users/mariomoschetta/Library/Developer/Xcode/DerivedData/Marilena-gmrsufdusugrudcwsykfyngpwezm/Build/Products/Debug-iphonesimulator/Marilena.app/GTMAppAuth_GTMAppAuth.bundle -scanforprivacyfile /Users/mariomoschetta/Library/Developer/Xcode/DerivedData/Marilena-gmrsufdusugrudcwsykfyngpwezm/Build/Products/Debug-iphonesimulator/Marilena.app/GTMSessionFetcher_GTMSessionFetcherCore.bundle -scanforprivacyfile /Users/mariomoschetta/Library/Developer/Xcode/DerivedData/Marilena-gmrsufdusugrudcwsykfyngpwezm/Build/Products/Debug-iphonesimulator/Marilena.app/GoogleSignIn_GoogleSignIn.bundle -scanforprivacyfile /Users/mariomoschetta/Library/Developer/Xcode/DerivedData/Marilena-gmrsufdusugrudcwsykfyngpwezm/Build/Products/Debug-iphonesimulator/Marilena.app/GoogleSignIn_GoogleSignInSwift.bundle -scanforprivacyfile /Users/mariomoschetta/Library/Developer/Xcode/DerivedData/Marilena-gmrsufdusugrudcwsykfyngpwezm/Build/Products/Debug-iphonesimulator/Marilena.app/GoogleUtilities_GoogleUtilities-Environment.bundle -scanforprivacyfile /Users/mariomoschetta/Library/Developer/Xcode/DerivedData/Marilena-gmrsufdusugrudcwsykfyngpwezm/Build/Products/Debug-iphonesimulator/Marilena.app/GoogleUtilities_GoogleUtilities-Logger.bundle -scanforprivacyfile /Users/mariomoschetta/Library/Developer/Xcode/DerivedData/Marilena-gmrsufdusugrudcwsykfyngpwezm/Build/Products/Debug-iphonesimulator/Marilena.app/GoogleUtilities_GoogleUtilities-UserDefaults.bundle -scanforprivacyfile /Users/mariomoschetta/Library/Developer/Xcode/DerivedData/Marilena-gmrsufdusugrudcwsykfyngpwezm/Build/Products/Debug-iphonesimulator/Marilena.app/Promises_FBLPromises.bundle -o /Users/mariomoschetta/Library/Developer/Xcode/DerivedData/Marilena-gmrsufdusugrudcwsykfyngpwezm/Build/Products/Debug-iphonesimulator/Marilena.app/Info.plist

SwiftCompile normal arm64 Compiling\ ChatMarilena+CoreDataClass.swift,\ ChatMarilena+CoreDataProperties.swift,\ CronologiaContesto+CoreDataClass.swift,\ CronologiaContesto+CoreDataProperties.swift,\ Item+CoreDataClass.swift /Users/mariomoschetta/Library/Developer/Xcode/DerivedData/Marilena-gmrsufdusugrudcwsykfyngpwezm/Build/Intermediates.noindex/Marilena.build/Debug-iphonesimulator/Marilena.build/DerivedSources/CoreDataGenerated/Marilena/ChatMarilena+CoreDataClass.swift /Users/mariomoschetta/Library/Developer/Xcode/DerivedData/Marilena-gmrsufdusugrudcwsykfyngpwezm/Build/Intermediates.noindex/Marilena.build/Debug-iphonesimulator/Marilena.build/DerivedSources/CoreDataGenerated/Marilena/ChatMarilena+CoreDataProperties.swift /Users/mariomoschetta/Library/Developer/Xcode/DerivedData/Marilena-gmrsufdusugrudcwsykfyngpwezm/Build/Intermediates.noindex/Marilena.build/Debug-iphonesimulator/Marilena.build/DerivedSources/CoreDataGenerated/Marilena/CronologiaContesto+CoreDataClass.swift /Users/mariomoschetta/Library/Developer/Xcode/DerivedData/Marilena-gmrsufdusugrudcwsykfyngpwezm/Build/Intermediates.noindex/Marilena.build/Debug-iphonesimulator/Marilena.build/DerivedSources/CoreDataGenerated/Marilena/CronologiaContesto+CoreDataProperties.swift /Users/mariomoschetta/Library/Developer/Xcode/DerivedData/Marilena-gmrsufdusugrudcwsykfyngpwezm/Build/Intermediates.noindex/Marilena.build/Debug-iphonesimulator/Marilena.build/DerivedSources/CoreDataGenerated/Marilena/Item+CoreDataClass.swift (in target 'Marilena' from project 'Marilena')

SwiftCompile normal arm64 /Users/mariomoschetta/Library/Developer/Xcode/DerivedData/Marilena-gmrsufdusugrudcwsykfyngpwezm/Build/Intermediates.noindex/Marilena.build/Debug-iphonesimulator/Marilena.build/DerivedSources/CoreDataGenerated/Marilena/ChatMarilena+CoreDataClass.swift (in target 'Marilena' from project 'Marilena')
    cd /Users/mariomoschetta/Downloads/Marilena
    

SwiftCompile normal arm64 /Users/mariomoschetta/Library/Developer/Xcode/DerivedData/Marilena-gmrsufdusugrudcwsykfyngpwezm/Build/Intermediates.noindex/Marilena.build/Debug-iphonesimulator/Marilena.build/DerivedSources/CoreDataGenerated/Marilena/ChatMarilena+CoreDataProperties.swift (in target 'Marilena' from project 'Marilena')
    cd /Users/mariomoschetta/Downloads/Marilena
    

SwiftCompile normal arm64 /Users/mariomoschetta/Library/Developer/Xcode/DerivedData/Marilena-gmrsufdusugrudcwsykfyngpwezm/Build/Intermediates.noindex/Marilena.build/Debug-iphonesimulator/Marilena.build/DerivedSources/CoreDataGenerated/Marilena/CronologiaContesto+CoreDataClass.swift (in target 'Marilena' from project 'Marilena')
    cd /Users/mariomoschetta/Downloads/Marilena
    

SwiftCompile normal arm64 /Users/mariomoschetta/Library/Developer/Xcode/DerivedData/Marilena-gmrsufdusugrudcwsykfyngpwezm/Build/Intermediates.noindex/Marilena.build/Debug-iphonesimulator/Marilena.build/DerivedSources/CoreDataGenerated/Marilena/CronologiaContesto+CoreDataProperties.swift (in target 'Marilena' from project 'Marilena')
    cd /Users/mariomoschetta/Downloads/Marilena
    

SwiftCompile normal arm64 /Users/mariomoschetta/Library/Developer/Xcode/DerivedData/Marilena-gmrsufdusugrudcwsykfyngpwezm/Build/Intermediates.noindex/Marilena.build/Debug-iphonesimulator/Marilena.build/DerivedSources/CoreDataGenerated/Marilena/Item+CoreDataClass.swift (in target 'Marilena' from project 'Marilena')
    cd /Users/mariomoschetta/Downloads/Marilena
    

SwiftCompile normal arm64 Compiling\ EmailAccountMigration.swift,\ EmailAccountManager.swift,\ EmailAuthService.swift,\ EmailCacheManager.swift,\ EmailNetworkService.swift,\ RefactoredEmailService.swift /Users/mariomoschetta/Downloads/Marilena/Marilena/Core/Email/Migrations/EmailAccountMigration.swift /Users/mariomoschetta/Downloads/Marilena/Marilena/Core/Email/Models/EmailAccountManager.swift /Users/mariomoschetta/Downloads/Marilena/Marilena/Core/Email/Services/EmailAuthService.swift /Users/mariomoschetta/Downloads/Marilena/Marilena/Core/Email/Services/EmailCacheManager.swift /Users/mariomoschetta/Downloads/Marilena/Marilena/Core/Email/Services/EmailNetworkService.swift /Users/mariomoschetta/Downloads/Marilena/Marilena/Core/Email/Services/RefactoredEmailService.swift (in target 'Marilena' from project 'Marilena')
SwiftCompile normal arm64 /Users/mariomoschetta/Downloads/Marilena/Marilena/Core/Email/Migrations/EmailAccountMigration.swift (in target 'Marilena' from project 'Marilena')
    cd /Users/mariomoschetta/Downloads/Marilena
    

SwiftCompile normal arm64 /Users/mariomoschetta/Downloads/Marilena/Marilena/Core/Email/Models/EmailAccountManager.swift (in target 'Marilena' from project 'Marilena')
    cd /Users/mariomoschetta/Downloads/Marilena
    

SwiftCompile normal arm64 /Users/mariomoschetta/Downloads/Marilena/Marilena/Core/Email/Services/EmailAuthService.swift (in target 'Marilena' from project 'Marilena')
    cd /Users/mariomoschetta/Downloads/Marilena
    

SwiftCompile normal arm64 /Users/mariomoschetta/Downloads/Marilena/Marilena/Core/Email/Services/EmailCacheManager.swift (in target 'Marilena' from project 'Marilena')
    cd /Users/mariomoschetta/Downloads/Marilena
    
/Users/mariomoschetta/Downloads/Marilena/Marilena/Core/Email/Services/EmailCacheManager.swift:104:41: warning: main actor-isolated property 'context' can not be referenced from a Sendable closure
                let existing = try self.context.fetch(fetchRequest)
                                        ^
/Users/mariomoschetta/Downloads/Marilena/Marilena/Core/Email/Services/EmailCacheManager.swift:18:17: note: property declared here
    private var context: NSManagedObjectContext {
                ^
/Users/mariomoschetta/Downloads/Marilena/Marilena/Core/Email/Services/EmailCacheManager.swift:108:91: warning: main actor-isolated property 'context' can not be referenced from a nonisolated autoclosure
                    let cachedEmail = existingDict[email.id] ?? CachedEmail(context: self.context)
                                                                                          ^
/Users/mariomoschetta/Downloads/Marilena/Marilena/Core/Email/Services/EmailCacheManager.swift:18:17: note: property declared here
    private var context: NSManagedObjectContext {
                ^
/Users/mariomoschetta/Downloads/Marilena/Marilena/Core/Email/Services/EmailCacheManager.swift:109:26: warning: call to main actor-isolated instance method 'updateCachedEmail(_:with:)' in a synchronous nonisolated context
                    self.updateCachedEmail(cachedEmail, with: email)
                         ^
/Users/mariomoschetta/Downloads/Marilena/Marilena/Core/Email/Services/EmailCacheManager.swift:263:18: note: calls to instance method 'updateCachedEmail(_:with:)' from outside of its actor context are implicitly asynchronous
    private func updateCachedEmail(_ cached: CachedEmail, with email: EmailMessage) {
                 ^
/Users/mariomoschetta/Downloads/Marilena/Marilena/Core/Email/Services/EmailCacheManager.swift:117:25: warning: main actor-isolated property 'context' can not be referenced from a Sendable closure
                if self.context.hasChanges {
                        ^
/Users/mariomoschetta/Downloads/Marilena/Marilena/Core/Email/Services/EmailCacheManager.swift:18:17: note: property declared here
    private var context: NSManagedObjectContext {
                ^
/Users/mariomoschetta/Downloads/Marilena/Marilena/Core/Email/Services/EmailCacheManager.swift:118:30: warning: main actor-isolated property 'context' can not be referenced from a Sendable closure
                    try self.context.save()
                             ^
/Users/mariomoschetta/Downloads/Marilena/Marilena/Core/Email/Services/EmailCacheManager.swift:18:17: note: property declared here
    private var context: NSManagedObjectContext {
                ^

SwiftCompile normal arm64 /Users/mariomoschetta/Downloads/Marilena/Marilena/Core/Email/Services/EmailNetworkService.swift (in target 'Marilena' from project 'Marilena')
    cd /Users/mariomoschetta/Downloads/Marilena
    

SwiftCompile normal arm64 /Users/mariomoschetta/Downloads/Marilena/Marilena/Core/Email/Services/RefactoredEmailService.swift (in target 'Marilena' from project 'Marilena')
    cd /Users/mariomoschetta/Downloads/Marilena
    

SwiftCompile normal arm64 Compiling\ EmailService.swift,\ ExampleIntegration.swift,\ IMAPClient.swift,\ ModernComposeView.swift,\ ModernEmailViewerAIDemo.swift,\ ModernEmailViewerTest.swift /Users/mariomoschetta/Downloads/Marilena/Marilena/EmailService.swift /Users/mariomoschetta/Downloads/Marilena/Marilena/ExampleIntegration.swift /Users/mariomoschetta/Downloads/Marilena/Marilena/IMAPClient.swift /Users/mariomoschetta/Downloads/Marilena/Marilena/ModernComposeView.swift /Users/mariomoschetta/Downloads/Marilena/Marilena/ModernEmailViewerAIDemo.swift /Users/mariomoschetta/Downloads/Marilena/Marilena/ModernEmailViewerTest.swift (in target 'Marilena' from project 'Marilena')
SwiftCompile normal arm64 /Users/mariomoschetta/Downloads/Marilena/Marilena/EmailService.swift (in target 'Marilena' from project 'Marilena')
    cd /Users/mariomoschetta/Downloads/Marilena
    
/Users/mariomoschetta/Downloads/Marilena/Marilena/EmailService.swift:179:50: error: value of optional type 'String?' must be unwrapped to a value of type 'String'
            _ = keychainManager.saveAPIKey(token.refreshToken, for: "email_refresh_token_\(accountId)")
                                                 ^
/Users/mariomoschetta/Downloads/Marilena/Marilena/EmailService.swift:179:50: note: coalesce using '??' to provide a default when the optional value contains 'nil'
            _ = keychainManager.saveAPIKey(token.refreshToken, for: "email_refresh_token_\(accountId)")
                                                 ^
                                                              ?? <#default value#>
/Users/mariomoschetta/Downloads/Marilena/Marilena/EmailService.swift:179:50: note: force-unwrap using '!' to abort execution if the optional value contains 'nil'
            _ = keychainManager.saveAPIKey(token.refreshToken, for: "email_refresh_token_\(accountId)")
                                                 ^
                                                             !
/Users/mariomoschetta/Downloads/Marilena/Marilena/EmailService.swift:215:50: error: value of optional type 'String?' must be unwrapped to a value of type 'String'
            _ = keychainManager.saveAPIKey(token.refreshToken, for: "email_refresh_token_\(accountId)")
                                                 ^
/Users/mariomoschetta/Downloads/Marilena/Marilena/EmailService.swift:215:50: note: coalesce using '??' to provide a default when the optional value contains 'nil'
            _ = keychainManager.saveAPIKey(token.refreshToken, for: "email_refresh_token_\(accountId)")
                                                 ^
                                                              ?? <#default value#>
/Users/mariomoschetta/Downloads/Marilena/Marilena/EmailService.swift:215:50: note: force-unwrap using '!' to abort execution if the optional value contains 'nil'
            _ = keychainManager.saveAPIKey(token.refreshToken, for: "email_refresh_token_\(accountId)")
                                                 ^
                                                             !
/Users/mariomoschetta/Downloads/Marilena/Marilena/EmailService.swift:393:53: error: value of optional type 'String?' must be unwrapped to a value of type 'String'
            _ = keychainManager.saveAPIKey(newToken.refreshToken, for: "email_refresh_token_\(account.id)")
                                                    ^
/Users/mariomoschetta/Downloads/Marilena/Marilena/EmailService.swift:393:53: note: coalesce using '??' to provide a default when the optional value contains 'nil'
            _ = keychainManager.saveAPIKey(newToken.refreshToken, for: "email_refresh_token_\(account.id)")
                                                    ^
                                                                 ?? <#default value#>
/Users/mariomoschetta/Downloads/Marilena/Marilena/EmailService.swift:393:53: note: force-unwrap using '!' to abort execution if the optional value contains 'nil'
            _ = keychainManager.saveAPIKey(newToken.refreshToken, for: "email_refresh_token_\(account.id)")
                                                    ^
                                                                !
/Users/mariomoschetta/Downloads/Marilena/Marilena/EmailService.swift:545:17: warning: no calls to throwing functions occur within 'try' expression
                try await refreshTokenIfNeeded()
                ^
/Users/mariomoschetta/Downloads/Marilena/Marilena/EmailService.swift:581:17: warning: no calls to throwing functions occur within 'try' expression
                try await refreshTokenIfNeeded()
                ^
/Users/mariomoschetta/Downloads/Marilena/Marilena/EmailService.swift:1042:9: warning: no calls to throwing functions occur within 'try' expression
        try await refreshTokenIfNeeded()
        ^
/Users/mariomoschetta/Downloads/Marilena/Marilena/EmailService.swift:1102:21: warning: no calls to throwing functions occur within 'try' expression
                    try await refreshTokenIfNeeded()
                    ^
/Users/mariomoschetta/Downloads/Marilena/Marilena/EmailService.swift:1161:21: warning: no calls to throwing functions occur within 'try' expression
                    try await refreshTokenIfNeeded()
                    ^
/Users/mariomoschetta/Downloads/Marilena/Marilena/EmailService.swift:1224:11: warning: 'catch' block is unreachable because no errors are thrown in 'do' block
        } catch {
          ^
/Users/mariomoschetta/Downloads/Marilena/Marilena/EmailService.swift:1489:17: error: the compiler is unable to type-check this expression in reasonable time; try breaking up the expression into distinct sub-expressions
            let messages = graphResponse.value.map { graphMessage in
                ^~~~~~~~~~~~~~~~~~~~~~~~~~~~~~~~~~~~~~~~~~~~~~~~~~~~
/Users/mariomoschetta/Downloads/Marilena/Marilena/EmailService.swift:1771:25: error: missing argument for parameter 'accountId' in call
            id: email.id,
                        ^
                        , accountId: <#String#>
/Users/mariomoschetta/Downloads/Marilena/Marilena/EmailService.swift:2165:12: note: 'init(id:accountId:from:to:subject:body:date:isRead:hasAttachments:emailType:category:threadingInfo:)' declared here
    public init(
           ^
/Users/mariomoschetta/Downloads/Marilena/Marilena/EmailService.swift:1869:53: error: missing argument for parameter 'accountId' in call
                id: "test_work_\(UUID().uuidString)",
                                                    ^
                                                    , accountId: <#String#>
/Users/mariomoschetta/Downloads/Marilena/Marilena/EmailService.swift:2165:12: note: 'init(id:accountId:from:to:subject:body:date:isRead:hasAttachments:emailType:category:threadingInfo:)' declared here
    public init(
           ^
/Users/mariomoschetta/Downloads/Marilena/Marilena/EmailService.swift:1880:57: error: missing argument for parameter 'accountId' in call
                id: "test_personal_\(UUID().uuidString)",
                                                        ^
                                                        , accountId: <#String#>
/Users/mariomoschetta/Downloads/Marilena/Marilena/EmailService.swift:2165:12: note: 'init(id:accountId:from:to:subject:body:date:isRead:hasAttachments:emailType:category:threadingInfo:)' declared here
    public init(
           ^
/Users/mariomoschetta/Downloads/Marilena/Marilena/EmailService.swift:1891:61: error: missing argument for parameter 'accountId' in call
                id: "test_notification_\(UUID().uuidString)",
                                                            ^
                                                            , accountId: <#String#>
/Users/mariomoschetta/Downloads/Marilena/Marilena/EmailService.swift:2165:12: note: 'init(id:accountId:from:to:subject:body:date:isRead:hasAttachments:emailType:category:threadingInfo:)' declared here
    public init(
           ^
/Users/mariomoschetta/Downloads/Marilena/Marilena/EmailService.swift:1903:53: error: missing argument for parameter 'accountId' in call
                id: "test_html_\(UUID().uuidString)",
                                                    ^
                                                    , accountId: <#String#>
/Users/mariomoschetta/Downloads/Marilena/Marilena/EmailService.swift:2165:12: note: 'init(id:accountId:from:to:subject:body:date:isRead:hasAttachments:emailType:category:threadingInfo:)' declared here
    public init(
           ^
/Users/mariomoschetta/Downloads/Marilena/Marilena/EmailService.swift:1973:54: error: missing argument for parameter 'accountId' in call
                id: "test_promo_\(UUID().uuidString)",
                                                     ^
                                                     , accountId: <#String#>
/Users/mariomoschetta/Downloads/Marilena/Marilena/EmailService.swift:2165:12: note: 'init(id:accountId:from:to:subject:body:date:isRead:hasAttachments:emailType:category:threadingInfo:)' declared here
    public init(
           ^
/Users/mariomoschetta/Downloads/Marilena/Marilena/EmailService.swift:2018:44: error: missing argument for parameter 'accountId' in call
            id: "test_\(UUID().uuidString)",
                                           ^
                                           , accountId: <#String#>
/Users/mariomoschetta/Downloads/Marilena/Marilena/EmailService.swift:2165:12: note: 'init(id:accountId:from:to:subject:body:date:isRead:hasAttachments:emailType:category:threadingInfo:)' declared here
    public init(
           ^
/Users/mariomoschetta/Downloads/Marilena/Marilena/EmailService.swift:2101:34: error: instance method 'decode(_:forKey:)' requires that 'EmailProvider' conform to 'Decodable'
        provider = try container.decode(EmailProvider.self, forKey: .provider)
                                 ^
Swift.KeyedDecodingContainer.decode:2:13: note: where 'T' = 'EmailProvider'
public func decode<T>(_ type: T.Type, forKey key: KeyedDecodingContainer<K>.Key) throws -> T where T : Decodable}
            ^
/Users/mariomoschetta/Downloads/Marilena/Marilena/EmailService.swift:2101:34: note: did you mean to use '.rawValue'?
        provider = try container.decode(EmailProvider.self, forKey: .provider)
                                 ^
                                       .rawValue
/Users/mariomoschetta/Downloads/Marilena/Marilena/EmailService.swift:2111:30: error: cannot convert value of type 'EmailProvider' to expected argument type 'String'
        try container.encode(provider, forKey: .provider)
                             ^
                                     .rawValue

SwiftCompile normal arm64 /Users/mariomoschetta/Downloads/Marilena/Marilena/ExampleIntegration.swift (in target 'Marilena' from project 'Marilena')
    cd /Users/mariomoschetta/Downloads/Marilena
    

SwiftCompile normal arm64 /Users/mariomoschetta/Downloads/Marilena/Marilena/IMAPClient.swift (in target 'Marilena' from project 'Marilena')
    cd /Users/mariomoschetta/Downloads/Marilena
    

SwiftCompile normal arm64 /Users/mariomoschetta/Downloads/Marilena/Marilena/ModernComposeView.swift (in target 'Marilena' from project 'Marilena')
    cd /Users/mariomoschetta/Downloads/Marilena
    

SwiftCompile normal arm64 /Users/mariomoschetta/Downloads/Marilena/Marilena/ModernEmailViewerAIDemo.swift (in target 'Marilena' from project 'Marilena')
    cd /Users/mariomoschetta/Downloads/Marilena
    

SwiftCompile normal arm64 /Users/mariomoschetta/Downloads/Marilena/Marilena/ModernEmailViewerTest.swift (in target 'Marilena' from project 'Marilena')
    cd /Users/mariomoschetta/Downloads/Marilena
    

Failed frontend command:
/Applications/Xcode.app/Contents/Developer/Toolchains/XcodeDefault.xctoolchain/usr/bin/swift-frontend -frontend -c -filelist /Users/mariomoschetta/Library/Developer/Xcode/DerivedData/Marilena-gmrsufdusugrudcwsykfyngpwezm/Build/Intermediates.noindex/Marilena.build/Debug-iphonesimulator/Marilena.build/Objects-normal/arm64/sources-1 -primary-file /Users/mariomoschetta/Downloads/Marilena/Marilena/EmailService.swift -primary-file /Users/mariomoschetta/Downloads/Marilena/Marilena/ExampleIntegration.swift -primary-file /Users/mariomoschetta/Downloads/Marilena/Marilena/IMAPClient.swift -primary-file /Users/mariomoschetta/Downloads/Marilena/Marilena/ModernComposeView.swift -primary-file /Users/mariomoschetta/Downloads/Marilena/Marilena/ModernEmailViewerAIDemo.swift -primary-file /Users/mariomoschetta/Downloads/Marilena/Marilena/ModernEmailViewerTest.swift -supplementary-output-file-map /Users/mariomoschetta/Library/Developer/Xcode/DerivedData/Marilena-gmrsufdusugrudcwsykfyngpwezm/Build/Intermediates.noindex/Marilena.build/Debug-iphonesimulator/Marilena.build/Objects-normal/arm64/supplementaryOutputs-3 -emit-localized-strings -emit-localized-strings-path /Users/mariomoschetta/Library/Developer/Xcode/DerivedData/Marilena-gmrsufdusugrudcwsykfyngpwezm/Build/Intermediates.noindex/Marilena.build/Debug-iphonesimulator/Marilena.build/Objects-normal/arm64 -target arm64-apple-ios26.0-simulator -module-can-import-version DeveloperToolsSupport 23.0.4 23.0.4 -module-can-import-version EventKitUI 1529.0.1 1.0.0 -module-can-import-version FoundationModels 1.0.49 0 -module-can-import-version MessageUI 3864.100.1.2 3864.100.1 -module-can-import-version PhotosUI 802.43.254 802.43.254 -module-can-import-version SwiftUI 7.0.84.1 7.0.84 -module-can-import-version UIKit 9088.1.113 9088.1.113 -disable-cross-import-overlay-search -swift-module-cross-import AppIntents /Applications/Xcode.app/Contents/Developer/Platforms/iPhoneSimulator.platform/Developer/SDKs/iPhoneSimulator.sdk/System/Library/Frameworks/AppIntents.framework/Modules/AppIntents.swiftcrossimport/SwiftUI.swiftoverlay -swift-module-cross-import AppIntents /Applications/Xcode.app/Contents/Developer/Platforms/iPhoneSimulator.platform/Developer/SDKs/iPhoneSimulator.sdk/System/Library/Frameworks/AppIntents.framework/Modules/AppIntents.swiftcrossimport/UIKit.swiftoverlay -swift-module-cross-import AppIntents /Applications/Xcode.app/Contents/Developer/Platforms/iPhoneSimulator.platform/Developer/SDKs/iPhoneSimulator26.0.sdk/System/Library/Frameworks/AppIntents.framework/Modules/AppIntents.swiftcrossimport/SwiftUI.swiftoverlay -swift-module-cross-import AppIntents /Applications/Xcode.app/Contents/Developer/Platforms/iPhoneSimulator.platform/Developer/SDKs/iPhoneSimulator26.0.sdk/System/Library/Frameworks/AppIntents.framework/Modules/AppIntents.swiftcrossimport/UIKit.swiftoverlay -swift-module-cross-import AuthenticationServices /Applications/Xcode.app/Contents/Developer/Platforms/iPhoneSimulator.platform/Developer/SDKs/iPhoneSimulator.sdk/System/Cryptexes/OS/System/Library/Frameworks/AuthenticationServices.framework/Modules/AuthenticationServices.swiftcrossimport/SwiftUI.swiftoverlay -swift-module-cross-import AuthenticationServices /Applications/Xcode.app/Contents/Developer/Platforms/iPhoneSimulator.platform/Developer/SDKs/iPhoneSimulator26.0.sdk/System/Library/Frameworks/AuthenticationServices.framework/Modules/AuthenticationServices.swiftcrossimport/SwiftUI.swiftoverlay -swift-module-cross-import CoreData /Applications/Xcode.app/Contents/Developer/Platforms/iPhoneSimulator.platform/Developer/SDKs/iPhoneSimulator.sdk/System/Library/Frameworks/CoreData.framework/Modules/CoreData.swiftcrossimport/CloudKit.swiftoverlay -swift-module-cross-import CoreData /Applications/Xcode.app/Contents/Developer/Platforms/iPhoneSimulator.platform/Developer/SDKs/iPhoneSimulator26.0.sdk/System/Library/Frameworks/CoreData.framework/Modules/CoreData.swiftcrossimport/CloudKit.swiftoverlay -swift-module-cross-import PhotosUI /Applications/Xcode.app/Contents/Developer/Platforms/iPhoneSimulator.platform/Developer/SDKs/iPhoneSimulator.sdk/System/Library/Frameworks/PhotosUI.framework/Modules/PhotosUI.swiftcrossimport/SwiftUI.swiftoverlay -swift-module-cross-import PhotosUI /Applications/Xcode.app/Contents/Developer/Platforms/iPhoneSimulator.platform/Developer/SDKs/iPhoneSimulator.sdk/System/Library/Frameworks/PhotosUI.framework/Modules/PhotosUI.swiftcrossimport/WidgetKit.swiftoverlay -swift-module-cross-import PhotosUI /Applications/Xcode.app/Contents/Developer/Platforms/iPhoneSimulator.platform/Developer/SDKs/iPhoneSimulator26.0.sdk/System/Library/Frameworks/PhotosUI.framework/Modules/PhotosUI.swiftcrossimport/SwiftUI.swiftoverlay -swift-module-cross-import PhotosUI /Applications/Xcode.app/Contents/Developer/Platforms/iPhoneSimulator.platform/Developer/SDKs/iPhoneSimulator26.0.sdk/System/Library/Frameworks/PhotosUI.framework/Modules/PhotosUI.swiftcrossimport/WidgetKit.swiftoverlay -swift-module-cross-import RelevanceKit /Applications/Xcode.app/Contents/Developer/Platforms/iPhoneSimulator.platform/Developer/SDKs/iPhoneSimulator.sdk/System/Library/Frameworks/RelevanceKit.framework/Modules/RelevanceKit.swiftcrossimport/MapKit.swiftoverlay -swift-module-cross-import RelevanceKit /Applications/Xcode.app/Contents/Developer/Platforms/iPhoneSimulator.platform/Developer/SDKs/iPhoneSimulator26.0.sdk/System/Library/Frameworks/RelevanceKit.framework/Modules/RelevanceKit.swiftcrossimport/MapKit.swiftoverlay -swift-module-cross-import WebKit /Applications/Xcode.app/Contents/Developer/Platforms/iPhoneSimulator.platform/Developer/SDKs/iPhoneSimulator.sdk/System/Cryptexes/OS/System/Library/Frameworks/WebKit.framework/Modules/WebKit.swiftcrossimport/SwiftUI.swiftoverlay -swift-module-cross-import WebKit /Applications/Xcode.app/Contents/Developer/Platforms/iPhoneSimulator.platform/Developer/SDKs/iPhoneSimulator26.0.sdk/System/Library/Frameworks/WebKit.framework/Modules/WebKit.swiftcrossimport/SwiftUI.swiftoverlay -load-resolved-plugin /Applications/Xcode.app/Contents/Developer/Platforms/iPhoneOS.platform/Developer/usr/lib/swift/host/plugins/libAppIntentsMacros.dylib\#/Applications/Xcode.app/Contents/Developer/Platforms/iPhoneOS.platform/Developer/usr/bin/swift-plugin-server\#AppIntentsMacros -load-resolved-plugin /Applications/Xcode.app/Contents/Developer/Platforms/iPhoneOS.platform/Developer/usr/lib/swift/host/plugins/libFoundationMacros.dylib\#/Applications/Xcode.app/Contents/Developer/Platforms/iPhoneOS.platform/Developer/usr/bin/swift-plugin-server\#FoundationMacros -load-resolved-plugin /Applications/Xcode.app/Contents/Developer/Platforms/iPhoneOS.platform/Developer/usr/lib/swift/host/plugins/libFoundationModelsMacros.dylib\#/Applications/Xcode.app/Contents/Developer/Platforms/iPhoneOS.platform/Developer/usr/bin/swift-plugin-server\#FoundationModelsMacros -load-resolved-plugin /Applications/Xcode.app/Contents/Developer/Platforms/iPhoneOS.platform/Developer/usr/lib/swift/host/plugins/libObservationMacros.dylib\#/Applications/Xcode.app/Contents/Developer/Platforms/iPhoneOS.platform/Developer/usr/bin/swift-plugin-server\#ObservationMacros -load-resolved-plugin /Applications/Xcode.app/Contents/Developer/Platforms/iPhoneOS.platform/Developer/usr/lib/swift/host/plugins/libPreviewsMacros.dylib\#/Applications/Xcode.app/Contents/Developer/Platforms/iPhoneOS.platform/Developer/usr/bin/swift-plugin-server\#PreviewsMacros -load-resolved-plugin /Applications/Xcode.app/Contents/Developer/Platforms/iPhoneOS.platform/Developer/usr/lib/swift/host/plugins/libSwiftMacros.dylib\#/Applications/Xcode.app/Contents/Developer/Platforms/iPhoneOS.platform/Developer/usr/bin/swift-plugin-server\#SwiftMacros -load-resolved-plugin /Applications/Xcode.app/Contents/Developer/Platforms/iPhoneOS.platform/Developer/usr/lib/swift/host/plugins/libSwiftUIMacros.dylib\#/Applications/Xcode.app/Contents/Developer/Platforms/iPhoneOS.platform/Developer/usr/bin/swift-plugin-server\#SwiftUIMacros -disable-implicit-swift-modules -Xcc -fno-implicit-modules -Xcc -fno-implicit-module-maps -explicit-swift-module-map-file /Users/mariomoschetta/Library/Developer/Xcode/DerivedData/Marilena-gmrsufdusugrudcwsykfyngpwezm/Build/Intermediates.noindex/Marilena.build/Debug-iphonesimulator/Marilena.build/Objects-normal/arm64/Marilena-dependencies-1.json -Xllvm -aarch64-use-tbi -enable-objc-interop -sdk /Applications/Xcode.app/Contents/Developer/Platforms/iPhoneSimulator.platform/Developer/SDKs/iPhoneSimulator26.0.sdk -I /Users/mariomoschetta/Library/Developer/Xcode/DerivedData/Marilena-gmrsufdusugrudcwsykfyngpwezm/Build/Products/Debug-iphonesimulator -F /Users/mariomoschetta/Library/Developer/Xcode/DerivedData/Marilena-gmrsufdusugrudcwsykfyngpwezm/Build/Products/Debug-iphonesimulator/PackageFrameworks -F /Users/mariomoschetta/Library/Developer/Xcode/DerivedData/Marilena-gmrsufdusugrudcwsykfyngpwezm/Build/Products/Debug-iphonesimulator/PackageFrameworks -F /Users/mariomoschetta/Library/Developer/Xcode/DerivedData/Marilena-gmrsufdusugrudcwsykfyngpwezm/Build/Products/Debug-iphonesimulator/PackageFrameworks -F /Users/mariomoschetta/Library/Developer/Xcode/DerivedData/Marilena-gmrsufdusugrudcwsykfyngpwezm/Build/Products/Debug-iphonesimulator/PackageFrameworks -F /Users/mariomoschetta/Library/Developer/Xcode/DerivedData/Marilena-gmrsufdusugrudcwsykfyngpwezm/Build/Products/Debug-iphonesimulator/PackageFrameworks -F /Users/mariomoschetta/Library/Developer/Xcode/DerivedData/Marilena-gmrsufdusugrudcwsykfyngpwezm/Build/Products/Debug-iphonesimulator/PackageFrameworks -F /Users/mariomoschetta/Library/Developer/Xcode/DerivedData/Marilena-gmrsufdusugrudcwsykfyngpwezm/Build/Products/Debug-iphonesimulator/PackageFrameworks -F /Users/mariomoschetta/Library/Developer/Xcode/DerivedData/Marilena-gmrsufdusugrudcwsykfyngpwezm/Build/Products/Debug-iphonesimulator/PackageFrameworks -F /Users/mariomoschetta/Library/Developer/Xcode/DerivedData/Marilena-gmrsufdusugrudcwsykfyngpwezm/Build/Products/Debug-iphonesimulator/PackageFrameworks -F /Users/mariomoschetta/Library/Developer/Xcode/DerivedData/Marilena-gmrsufdusugrudcwsykfyngpwezm/Build/Products/Debug-iphonesimulator/PackageFrameworks -F /Users/mariomoschetta/Library/Developer/Xcode/DerivedData/Marilena-gmrsufdusugrudcwsykfyngpwezm/Build/Products/Debug-iphonesimulator/PackageFrameworks -F /Users/mariomoschetta/Library/Developer/Xcode/DerivedData/Marilena-gmrsufdusugrudcwsykfyngpwezm/Build/Products/Debug-iphonesimulator/PackageFrameworks -F /Users/mariomoschetta/Library/Developer/Xcode/DerivedData/Marilena-gmrsufdusugrudcwsykfyngpwezm/Build/Products/Debug-iphonesimulator -no-color-diagnostics -Xcc -fno-color-diagnostics -enable-testing -g -debug-info-format\=dwarf -dwarf-version\=5 -module-cache-path /Users/mariomoschetta/Library/Developer/Xcode/DerivedData/Marilena-gmrsufdusugrudcwsykfyngpwezm/Build/Intermediates.noindex/SwiftExplicitPrecompiledModules -profile-generate -profile-coverage-mapping -swift-version 5 -enforce-exclusivity\=checked -Onone -D DEBUG -serialize-debugging-options -const-gather-protocols-file /Users/mariomoschetta/Library/Developer/Xcode/DerivedData/Marilena-gmrsufdusugrudcwsykfyngpwezm/Build/Intermediates.noindex/Marilena.build/Debug-iphonesimulator/Marilena.build/Objects-normal/arm64/Marilena_const_extract_protocols.json -enable-upcoming-feature DisableOutwardActorInference -enable-upcoming-feature InferSendableFromCaptures -enable-upcoming-feature GlobalActorIsolatedTypesUsability -enable-upcoming-feature MemberImportVisibility -enable-upcoming-feature InferIsolatedConformances -enable-upcoming-feature NonisolatedNonsendingByDefault -enable-experimental-feature DebugDescriptionMacro -enable-bare-slash-regex -default-isolation\=MainActor -empty-abi-descriptor -validate-clang-modules-once -clang-build-session-file /Users/mariomoschetta/Library/Developer/Xcode/DerivedData/ModuleCache.noindex/Session.modulevalidation -Xcc -working-directory -Xcc /Users/mariomoschetta/Downloads/Marilena -enable-anonymous-context-mangled-names -file-compilation-dir /Users/mariomoschetta/Downloads/Marilena -Xcc -fmodule-map-file\=/Users/mariomoschetta/Library/Developer/Xcode/DerivedData/Marilena-gmrsufdusugrudcwsykfyngpwezm/Build/Intermediates.noindex/GeneratedModuleMaps-iphonesimulator/AppAuth.modulemap -Xcc -fmodule-map-file\=/Users/mariomoschetta/Library/Developer/Xcode/DerivedData/Marilena-gmrsufdusugrudcwsykfyngpwezm/Build/Intermediates.noindex/GeneratedModuleMaps-iphonesimulator/AppAuthCore.modulemap -Xcc -fmodule-map-file\=/Users/mariomoschetta/Library/Developer/Xcode/DerivedData/Marilena-gmrsufdusugrudcwsykfyngpwezm/Build/Intermediates.noindex/GeneratedModuleMaps-iphonesimulator/GoogleUtilities-Logger.modulemap -Xcc -fmodule-map-file\=/Users/mariomoschetta/Library/Developer/Xcode/DerivedData/Marilena-gmrsufdusugrudcwsykfyngpwezm/Build/Intermediates.noindex/GeneratedModuleMaps-iphonesimulator/GoogleUtilities-Environment.modulemap -Xcc -fmodule-map-file\=/Users/mariomoschetta/Library/Developer/Xcode/DerivedData/Marilena-gmrsufdusugrudcwsykfyngpwezm/Build/Intermediates.noindex/GeneratedModuleMaps-iphonesimulator/third-party-IsAppEncrypted.modulemap -Xcc -fmodule-map-file\=/Users/mariomoschetta/Library/Developer/Xcode/DerivedData/Marilena-gmrsufdusugrudcwsykfyngpwezm/Build/Intermediates.noindex/GeneratedModuleMaps-iphonesimulator/GoogleUtilities-UserDefaults.modulemap -Xcc -fmodule-map-file\=/Users/mariomoschetta/Library/Developer/Xcode/DerivedData/Marilena-gmrsufdusugrudcwsykfyngpwezm/Build/Intermediates.noindex/GeneratedModuleMaps-iphonesimulator/AppCheckCore.modulemap -Xcc -fmodule-map-file\=/Users/mariomoschetta/Library/Developer/Xcode/DerivedData/Marilena-gmrsufdusugrudcwsykfyngpwezm/Build/Intermediates.noindex/GeneratedModuleMaps-iphonesimulator/GTMSessionFetcherCore.modulemap -Xcc -fmodule-map-file\=/Users/mariomoschetta/Library/Developer/Xcode/DerivedData/Marilena-gmrsufdusugrudcwsykfyngpwezm/Build/Intermediates.noindex/GeneratedModuleMaps-iphonesimulator/GoogleSignIn.modulemap -Xcc -D_LIBCPP_HARDENING_MODE\=_LIBCPP_HARDENING_MODE_DEBUG -Xcc -ivfsstatcache -Xcc /Users/mariomoschetta/Library/Developer/Xcode/DerivedData/SDKStatCaches.noindex/iphonesimulator26.0-23A337-26257891a6c027eb51374368541b8346.sdkstatcache -Xcc -I/Users/mariomoschetta/Library/Developer/Xcode/DerivedData/Marilena-gmrsufdusugrudcwsykfyngpwezm/Build/Intermediates.noindex/Marilena.build/Debug-iphonesimulator/Marilena.build/swift-overrides.hmap -Xcc -iquote -Xcc /Users/mariomoschetta/Library/Developer/Xcode/DerivedData/Marilena-gmrsufdusugrudcwsykfyngpwezm/Build/Intermediates.noindex/Marilena.build/Debug-iphonesimulator/Marilena.build/Marilena-generated-files.hmap -Xcc -I/Users/mariomoschetta/Library/Developer/Xcode/DerivedData/Marilena-gmrsufdusugrudcwsykfyngpwezm/Build/Intermediates.noindex/Marilena.build/Debug-iphonesimulator/Marilena.build/Marilena-own-target-headers.hmap -Xcc -I/Users/mariomoschetta/Library/Developer/Xcode/DerivedData/Marilena-gmrsufdusugrudcwsykfyngpwezm/Build/Intermediates.noindex/Marilena.build/Debug-iphonesimulator/Marilena.build/Marilena-all-non-framework-target-headers.hmap -Xcc -ivfsoverlay -Xcc /Users/mariomoschetta/Library/Developer/Xcode/DerivedData/Marilena-gmrsufdusugrudcwsykfyngpwezm/Build/Intermediates.noindex/Marilena.build/Debug-iphonesimulator/Marilena-97d9d17465d2c92c804a06e885683b02-VFS-iphonesimulator/all-product-headers.yaml -Xcc -iquote -Xcc /Users/mariomoschetta/Library/Developer/Xcode/DerivedData/Marilena-gmrsufdusugrudcwsykfyngpwezm/Build/Intermediates.noindex/Marilena.build/Debug-iphonesimulator/Marilena.build/Marilena-project-headers.hmap -Xcc -I/Users/mariomoschetta/Library/Developer/Xcode/DerivedData/Marilena-gmrsufdusugrudcwsykfyngpwezm/SourcePackages/checkouts/AppAuth-iOS/Sources/AppAuth -Xcc -I/Users/mariomoschetta/Library/Developer/Xcode/DerivedData/Marilena-gmrsufdusugrudcwsykfyngpwezm/SourcePackages/checkouts/AppAuth-iOS/Sources/AppAuthCore -Xcc -I/Users/mariomoschetta/Library/Developer/Xcode/DerivedData/Marilena-gmrsufdusugrudcwsykfyngpwezm/SourcePackages/checkouts/promises/Sources/FBLPromises/include -Xcc -I/Users/mariomoschetta/Library/Developer/Xcode/DerivedData/Marilena-gmrsufdusugrudcwsykfyngpwezm/SourcePackages/checkouts/GoogleUtilities/GoogleUtilities/Logger/Public -Xcc -I/Users/mariomoschetta/Library/Developer/Xcode/DerivedData/Marilena-gmrsufdusugrudcwsykfyngpwezm/SourcePackages/checkouts/GoogleUtilities/GoogleUtilities/Environment/Public -Xcc -I/Users/mariomoschetta/Library/Developer/Xcode/DerivedData/Marilena-gmrsufdusugrudcwsykfyngpwezm/SourcePackages/checkouts/GoogleUtilities/third_party/IsAppEncrypted/Public -Xcc -I/Users/mariomoschetta/Library/Developer/Xcode/DerivedData/Marilena-gmrsufdusugrudcwsykfyngpwezm/SourcePackages/checkouts/GoogleUtilities/GoogleUtilities/UserDefaults/Public -Xcc -I/Users/mariomoschetta/Library/Developer/Xcode/DerivedData/Marilena-gmrsufdusugrudcwsykfyngpwezm/SourcePackages/checkouts/app-check/AppCheckCore/Sources/Public -Xcc -I/Users/mariomoschetta/Library/Developer/Xcode/DerivedData/Marilena-gmrsufdusugrudcwsykfyngpwezm/SourcePackages/checkouts/gtm-session-fetcher/Sources/Core/Public -Xcc -I/Users/mariomoschetta/Library/Developer/Xcode/DerivedData/Marilena-gmrsufdusugrudcwsykfyngpwezm/SourcePackages/checkouts/GoogleSignIn-iOS/GoogleSignIn/Sources/Public -Xcc -I/Users/mariomoschetta/Library/Developer/Xcode/DerivedData/Marilena-gmrsufdusugrudcwsykfyngpwezm/Build/Products/Debug-iphonesimulator/include -Xcc -I/Users/mariomoschetta/Library/Developer/Xcode/DerivedData/Marilena-gmrsufdusugrudcwsykfyngpwezm/Build/Intermediates.noindex/Marilena.build/Debug-iphonesimulator/Marilena.build/DerivedSources-normal/arm64 -Xcc -I/Users/mariomoschetta/Library/Developer/Xcode/DerivedData/Marilena-gmrsufdusugrudcwsykfyngpwezm/Build/Intermediates.noindex/Marilena.build/Debug-iphonesimulator/Marilena.build/DerivedSources/arm64 -Xcc -I/Users/mariomoschetta/Library/Developer/Xcode/DerivedData/Marilena-gmrsufdusugrudcwsykfyngpwezm/Build/Intermediates.noindex/Marilena.build/Debug-iphonesimulator/Marilena.build/DerivedSources -Xcc -DDEBUG\=1 -no-auto-bridging-header-chaining -module-name Marilena -frontend-parseable-output -disable-clang-spi -target-sdk-version 26.0 -target-sdk-name iphonesimulator26.0 -clang-target arm64-apple-ios26.0-simulator -in-process-plugin-server-path /Applications/Xcode.app/Contents/Developer/Toolchains/XcodeDefault.xctoolchain/usr/lib/swift/host/libSwiftInProcPluginServer.dylib -o /Users/mariomoschetta/Library/Developer/Xcode/DerivedData/Marilena-gmrsufdusugrudcwsykfyngpwezm/Build/Intermediates.noindex/Marilena.build/Debug-iphonesimulator/Marilena.build/Objects-normal/arm64/EmailService.o -o /Users/mariomoschetta/Library/Developer/Xcode/DerivedData/Marilena-gmrsufdusugrudcwsykfyngpwezm/Build/Intermediates.noindex/Marilena.build/Debug-iphonesimulator/Marilena.build/Objects-normal/arm64/ExampleIntegration.o -o /Users/mariomoschetta/Library/Developer/Xcode/DerivedData/Marilena-gmrsufdusugrudcwsykfyngpwezm/Build/Intermediates.noindex/Marilena.build/Debug-iphonesimulator/Marilena.build/Objects-normal/arm64/IMAPClient.o -o /Users/mariomoschetta/Library/Developer/Xcode/DerivedData/Marilena-gmrsufdusugrudcwsykfyngpwezm/Build/Intermediates.noindex/Marilena.build/Debug-iphonesimulator/Marilena.build/Objects-normal/arm64/ModernComposeView.o -o /Users/mariomoschetta/Library/Developer/Xcode/DerivedData/Marilena-gmrsufdusugrudcwsykfyngpwezm/Build/Intermediates.noindex/Marilena.build/Debug-iphonesimulator/Marilena.build/Objects-normal/arm64/ModernEmailViewerAIDemo.o -o /Users/mariomoschetta/Library/Developer/Xcode/DerivedData/Marilena-gmrsufdusugrudcwsykfyngpwezm/Build/Intermediates.noindex/Marilena.build/Debug-iphonesimulator/Marilena.build/Objects-normal/arm64/ModernEmailViewerTest.o -index-unit-output-path /Marilena.build/Debug-iphonesimulator/Marilena.build/Objects-normal/arm64/EmailService.o -index-unit-output-path /Marilena.build/Debug-iphonesimulator/Marilena.build/Objects-normal/arm64/ExampleIntegration.o -index-unit-output-path /Marilena.build/Debug-iphonesimulator/Marilena.build/Objects-normal/arm64/IMAPClient.o -index-unit-output-path /Marilena.build/Debug-iphonesimulator/Marilena.build/Objects-normal/arm64/ModernComposeView.o -index-unit-output-path /Marilena.build/Debug-iphonesimulator/Marilena.build/Objects-normal/arm64/ModernEmailViewerAIDemo.o -index-unit-output-path /Marilena.build/Debug-iphonesimulator/Marilena.build/Objects-normal/arm64/ModernEmailViewerTest.o -index-store-path /Users/mariomoschetta/Library/Developer/Xcode/DerivedData/Marilena-gmrsufdusugrudcwsykfyngpwezm/Index.noindex/DataStore -index-system-modules
SwiftCompile normal arm64 Compiling\ CachedReminder+CoreDataClass.swift,\ CachedReminder+CoreDataProperties.swift,\ SyncMetadata+CoreDataClass.swift,\ SyncMetadata+CoreDataProperties.swift,\ Marilena+CoreDataModel.swift /Users/mariomoschetta/Library/Developer/Xcode/DerivedData/Marilena-gmrsufdusugrudcwsykfyngpwezm/Build/Intermediates.noindex/Marilena.build/Debug-iphonesimulator/Marilena.build/DerivedSources/CoreDataGenerated/Marilena/CachedReminder+CoreDataClass.swift /Users/mariomoschetta/Library/Developer/Xcode/DerivedData/Marilena-gmrsufdusugrudcwsykfyngpwezm/Build/Intermediates.noindex/Marilena.build/Debug-iphonesimulator/Marilena.build/DerivedSources/CoreDataGenerated/Marilena/CachedReminder+CoreDataProperties.swift /Users/mariomoschetta/Library/Developer/Xcode/DerivedData/Marilena-gmrsufdusugrudcwsykfyngpwezm/Build/Intermediates.noindex/Marilena.build/Debug-iphonesimulator/Marilena.build/DerivedSources/CoreDataGenerated/Marilena/SyncMetadata+CoreDataClass.swift /Users/mariomoschetta/Library/Developer/Xcode/DerivedData/Marilena-gmrsufdusugrudcwsykfyngpwezm/Build/Intermediates.noindex/Marilena.build/Debug-iphonesimulator/Marilena.build/DerivedSources/CoreDataGenerated/Marilena/SyncMetadata+CoreDataProperties.swift /Users/mariomoschetta/Library/Developer/Xcode/DerivedData/Marilena-gmrsufdusugrudcwsykfyngpwezm/Build/Intermediates.noindex/Marilena.build/Debug-iphonesimulator/Marilena.build/DerivedSources/CoreDataGenerated/Marilena/Marilena+CoreDataModel.swift (in target 'Marilena' from project 'Marilena')

SwiftCompile normal arm64 /Users/mariomoschetta/Library/Developer/Xcode/DerivedData/Marilena-gmrsufdusugrudcwsykfyngpwezm/Build/Intermediates.noindex/Marilena.build/Debug-iphonesimulator/Marilena.build/DerivedSources/CoreDataGenerated/Marilena/CachedReminder+CoreDataClass.swift (in target 'Marilena' from project 'Marilena')
    cd /Users/mariomoschetta/Downloads/Marilena
    

SwiftCompile normal arm64 /Users/mariomoschetta/Library/Developer/Xcode/DerivedData/Marilena-gmrsufdusugrudcwsykfyngpwezm/Build/Intermediates.noindex/Marilena.build/Debug-iphonesimulator/Marilena.build/DerivedSources/CoreDataGenerated/Marilena/CachedReminder+CoreDataProperties.swift (in target 'Marilena' from project 'Marilena')
    cd /Users/mariomoschetta/Downloads/Marilena
    

SwiftCompile normal arm64 /Users/mariomoschetta/Library/Developer/Xcode/DerivedData/Marilena-gmrsufdusugrudcwsykfyngpwezm/Build/Intermediates.noindex/Marilena.build/Debug-iphonesimulator/Marilena.build/DerivedSources/CoreDataGenerated/Marilena/SyncMetadata+CoreDataClass.swift (in target 'Marilena' from project 'Marilena')
    cd /Users/mariomoschetta/Downloads/Marilena
    

SwiftCompile normal arm64 /Users/mariomoschetta/Library/Developer/Xcode/DerivedData/Marilena-gmrsufdusugrudcwsykfyngpwezm/Build/Intermediates.noindex/Marilena.build/Debug-iphonesimulator/Marilena.build/DerivedSources/CoreDataGenerated/Marilena/SyncMetadata+CoreDataProperties.swift (in target 'Marilena' from project 'Marilena')
    cd /Users/mariomoschetta/Downloads/Marilena
    

SwiftCompile normal arm64 /Users/mariomoschetta/Library/Developer/Xcode/DerivedData/Marilena-gmrsufdusugrudcwsykfyngpwezm/Build/Intermediates.noindex/Marilena.build/Debug-iphonesimulator/Marilena.build/DerivedSources/CoreDataGenerated/Marilena/Marilena+CoreDataModel.swift (in target 'Marilena' from project 'Marilena')
    cd /Users/mariomoschetta/Downloads/Marilena
    

SwiftCompile normal arm64 Compiling\ Trascrizione+CoreDataClass.swift,\ Trascrizione+CoreDataProperties.swift,\ CompletedEvent+CoreDataClass.swift,\ CompletedEvent+CoreDataProperties.swift,\ CachedCalendar+CoreDataClass.swift /Users/mariomoschetta/Library/Developer/Xcode/DerivedData/Marilena-gmrsufdusugrudcwsykfyngpwezm/Build/Intermediates.noindex/Marilena.build/Debug-iphonesimulator/Marilena.build/DerivedSources/CoreDataGenerated/Marilena/Trascrizione+CoreDataClass.swift /Users/mariomoschetta/Library/Developer/Xcode/DerivedData/Marilena-gmrsufdusugrudcwsykfyngpwezm/Build/Intermediates.noindex/Marilena.build/Debug-iphonesimulator/Marilena.build/DerivedSources/CoreDataGenerated/Marilena/Trascrizione+CoreDataProperties.swift /Users/mariomoschetta/Library/Developer/Xcode/DerivedData/Marilena-gmrsufdusugrudcwsykfyngpwezm/Build/Intermediates.noindex/Marilena.build/Debug-iphonesimulator/Marilena.build/DerivedSources/CoreDataGenerated/Marilena/CompletedEvent+CoreDataClass.swift /Users/mariomoschetta/Library/Developer/Xcode/DerivedData/Marilena-gmrsufdusugrudcwsykfyngpwezm/Build/Intermediates.noindex/Marilena.build/Debug-iphonesimulator/Marilena.build/DerivedSources/CoreDataGenerated/Marilena/CompletedEvent+CoreDataProperties.swift /Users/mariomoschetta/Library/Developer/Xcode/DerivedData/Marilena-gmrsufdusugrudcwsykfyngpwezm/Build/Intermediates.noindex/Marilena.build/Debug-iphonesimulator/Marilena.build/DerivedSources/CoreDataGenerated/Marilena/CachedCalendar+CoreDataClass.swift (in target 'Marilena' from project 'Marilena')

SwiftCompile normal arm64 /Users/mariomoschetta/Library/Developer/Xcode/DerivedData/Marilena-gmrsufdusugrudcwsykfyngpwezm/Build/Intermediates.noindex/Marilena.build/Debug-iphonesimulator/Marilena.build/DerivedSources/CoreDataGenerated/Marilena/Trascrizione+CoreDataClass.swift (in target 'Marilena' from project 'Marilena')
    cd /Users/mariomoschetta/Downloads/Marilena
    

SwiftCompile normal arm64 /Users/mariomoschetta/Library/Developer/Xcode/DerivedData/Marilena-gmrsufdusugrudcwsykfyngpwezm/Build/Intermediates.noindex/Marilena.build/Debug-iphonesimulator/Marilena.build/DerivedSources/CoreDataGenerated/Marilena/Trascrizione+CoreDataProperties.swift (in target 'Marilena' from project 'Marilena')
    cd /Users/mariomoschetta/Downloads/Marilena
    

SwiftCompile normal arm64 /Users/mariomoschetta/Library/Developer/Xcode/DerivedData/Marilena-gmrsufdusugrudcwsykfyngpwezm/Build/Intermediates.noindex/Marilena.build/Debug-iphonesimulator/Marilena.build/DerivedSources/CoreDataGenerated/Marilena/CompletedEvent+CoreDataClass.swift (in target 'Marilena' from project 'Marilena')
    cd /Users/mariomoschetta/Downloads/Marilena
    

SwiftCompile normal arm64 /Users/mariomoschetta/Library/Developer/Xcode/DerivedData/Marilena-gmrsufdusugrudcwsykfyngpwezm/Build/Intermediates.noindex/Marilena.build/Debug-iphonesimulator/Marilena.build/DerivedSources/CoreDataGenerated/Marilena/CompletedEvent+CoreDataProperties.swift (in target 'Marilena' from project 'Marilena')
    cd /Users/mariomoschetta/Downloads/Marilena
    

SwiftCompile normal arm64 /Users/mariomoschetta/Library/Developer/Xcode/DerivedData/Marilena-gmrsufdusugrudcwsykfyngpwezm/Build/Intermediates.noindex/Marilena.build/Debug-iphonesimulator/Marilena.build/DerivedSources/CoreDataGenerated/Marilena/CachedCalendar+CoreDataClass.swift (in target 'Marilena' from project 'Marilena')
    cd /Users/mariomoschetta/Downloads/Marilena
    

SwiftCompile normal arm64 Compiling\ Item+CoreDataProperties.swift,\ MessaggioMarilena+CoreDataClass.swift,\ MessaggioMarilena+CoreDataProperties.swift,\ ProfiloUtente+CoreDataClass.swift,\ ProfiloUtente+CoreDataProperties.swift /Users/mariomoschetta/Library/Developer/Xcode/DerivedData/Marilena-gmrsufdusugrudcwsykfyngpwezm/Build/Intermediates.noindex/Marilena.build/Debug-iphonesimulator/Marilena.build/DerivedSources/CoreDataGenerated/Marilena/Item+CoreDataProperties.swift /Users/mariomoschetta/Library/Developer/Xcode/DerivedData/Marilena-gmrsufdusugrudcwsykfyngpwezm/Build/Intermediates.noindex/Marilena.build/Debug-iphonesimulator/Marilena.build/DerivedSources/CoreDataGenerated/Marilena/MessaggioMarilena+CoreDataClass.swift /Users/mariomoschetta/Library/Developer/Xcode/DerivedData/Marilena-gmrsufdusugrudcwsykfyngpwezm/Build/Intermediates.noindex/Marilena.build/Debug-iphonesimulator/Marilena.build/DerivedSources/CoreDataGenerated/Marilena/MessaggioMarilena+CoreDataProperties.swift /Users/mariomoschetta/Library/Developer/Xcode/DerivedData/Marilena-gmrsufdusugrudcwsykfyngpwezm/Build/Intermediates.noindex/Marilena.build/Debug-iphonesimulator/Marilena.build/DerivedSources/CoreDataGenerated/Marilena/ProfiloUtente+CoreDataClass.swift /Users/mariomoschetta/Library/Developer/Xcode/DerivedData/Marilena-gmrsufdusugrudcwsykfyngpwezm/Build/Intermediates.noindex/Marilena.build/Debug-iphonesimulator/Marilena.build/DerivedSources/CoreDataGenerated/Marilena/ProfiloUtente+CoreDataProperties.swift (in target 'Marilena' from project 'Marilena')

SwiftCompile normal arm64 /Users/mariomoschetta/Library/Developer/Xcode/DerivedData/Marilena-gmrsufdusugrudcwsykfyngpwezm/Build/Intermediates.noindex/Marilena.build/Debug-iphonesimulator/Marilena.build/DerivedSources/CoreDataGenerated/Marilena/Item+CoreDataProperties.swift (in target 'Marilena' from project 'Marilena')
    cd /Users/mariomoschetta/Downloads/Marilena
    

SwiftCompile normal arm64 /Users/mariomoschetta/Library/Developer/Xcode/DerivedData/Marilena-gmrsufdusugrudcwsykfyngpwezm/Build/Intermediates.noindex/Marilena.build/Debug-iphonesimulator/Marilena.build/DerivedSources/CoreDataGenerated/Marilena/MessaggioMarilena+CoreDataClass.swift (in target 'Marilena' from project 'Marilena')
    cd /Users/mariomoschetta/Downloads/Marilena
    

SwiftCompile normal arm64 /Users/mariomoschetta/Library/Developer/Xcode/DerivedData/Marilena-gmrsufdusugrudcwsykfyngpwezm/Build/Intermediates.noindex/Marilena.build/Debug-iphonesimulator/Marilena.build/DerivedSources/CoreDataGenerated/Marilena/MessaggioMarilena+CoreDataProperties.swift (in target 'Marilena' from project 'Marilena')
    cd /Users/mariomoschetta/Downloads/Marilena
    

SwiftCompile normal arm64 /Users/mariomoschetta/Library/Developer/Xcode/DerivedData/Marilena-gmrsufdusugrudcwsykfyngpwezm/Build/Intermediates.noindex/Marilena.build/Debug-iphonesimulator/Marilena.build/DerivedSources/CoreDataGenerated/Marilena/ProfiloUtente+CoreDataClass.swift (in target 'Marilena' from project 'Marilena')
    cd /Users/mariomoschetta/Downloads/Marilena
    

SwiftCompile normal arm64 /Users/mariomoschetta/Library/Developer/Xcode/DerivedData/Marilena-gmrsufdusugrudcwsykfyngpwezm/Build/Intermediates.noindex/Marilena.build/Debug-iphonesimulator/Marilena.build/DerivedSources/CoreDataGenerated/Marilena/ProfiloUtente+CoreDataProperties.swift (in target 'Marilena' from project 'Marilena')
    cd /Users/mariomoschetta/Downloads/Marilena
    

SwiftEmitModule normal arm64 Emitting\ module\ for\ Marilena (in target 'Marilena' from project 'Marilena')

EmitSwiftModule normal arm64 (in target 'Marilena' from project 'Marilena')
    cd /Users/mariomoschetta/Downloads/Marilena
    
/Users/mariomoschetta/Downloads/Marilena/Marilena/Core/Calendar/CalendarManager.swift:217:5: warning: '@discardableResult' declared on a function returning 'Void' is unnecessary
    @discardableResult
    ^~~~~~~~~~~~~~~~~~
    
/Users/mariomoschetta/Downloads/Marilena/Marilena/Features/Chat/GeneralChatToolHandler.swift:20:127: warning: main actor-isolated static property 'shared' can not be referenced from a nonisolated context; this is an error in the Swift 6 language mode
    init(calendarManager: CalendarManager, newCalendarService: NewCalendarService? = nil, reminderService: ReminderService = .shared, context: NSManagedObjectContext) {
                                                                                                                              ^
/Users/mariomoschetta/Downloads/Marilena/Marilena/Features/Calendar/ReminderService.swift:22:23: note: static property declared here
    public static let shared = ReminderService()
                      ^
/Users/mariomoschetta/Downloads/Marilena/Marilena/Features/Planner/PlannerPromptBuilder.swift:21:45: warning: main actor-isolated static property 'shared' can not be referenced from a nonisolated context; this is an error in the Swift 6 language mode
        reminderService: ReminderService = .shared,
                                            ^
/Users/mariomoschetta/Downloads/Marilena/Marilena/Features/Calendar/ReminderService.swift:22:23: note: static property declared here
    public static let shared = ReminderService()
                      ^
/Users/mariomoschetta/Downloads/Marilena/Marilena/Features/Planner/TimeBlockingAgendaView.swift:24:87: warning: main actor-isolated static property 'shared' can not be referenced from a nonisolated context; this is an error in the Swift 6 language mode
    public init(calendarManager: CalendarManager, reminderService: ReminderService = .shared) {
                                                                                      ^
/Users/mariomoschetta/Downloads/Marilena/Marilena/Features/Calendar/ReminderService.swift:22:23: note: static property declared here
    public static let shared = ReminderService()
                      ^
/Users/mariomoschetta/Downloads/Marilena/Marilena/AppleIntelligenceService.swift:111:55: warning: call to main actor-isolated initializer 'init(instructions:temperature:maxOutputTokens:)' in a synchronous nonisolated context
        configuration: AppleGenerationConfiguration = AppleGenerationConfiguration()
                                                      ^
/Users/mariomoschetta/Downloads/Marilena/Marilena/AppleIntelligenceService.swift:62:12: note: calls to initializer 'init(instructions:temperature:maxOutputTokens:)' from outside of its actor context are implicitly asynchronous
    public init(
           ^

SwiftCompile normal arm64 Compiling\ CachedCalendar+CoreDataProperties.swift,\ CachedCalendarEvent+CoreDataClass.swift,\ CachedCalendarEvent+CoreDataProperties.swift,\ CachedEventAttendee+CoreDataClass.swift,\ CachedEventAttendee+CoreDataProperties.swift /Users/mariomoschetta/Library/Developer/Xcode/DerivedData/Marilena-gmrsufdusugrudcwsykfyngpwezm/Build/Intermediates.noindex/Marilena.build/Debug-iphonesimulator/Marilena.build/DerivedSources/CoreDataGenerated/Marilena/CachedCalendar+CoreDataProperties.swift /Users/mariomoschetta/Library/Developer/Xcode/DerivedData/Marilena-gmrsufdusugrudcwsykfyngpwezm/Build/Intermediates.noindex/Marilena.build/Debug-iphonesimulator/Marilena.build/DerivedSources/CoreDataGenerated/Marilena/CachedCalendarEvent+CoreDataClass.swift /Users/mariomoschetta/Library/Developer/Xcode/DerivedData/Marilena-gmrsufdusugrudcwsykfyngpwezm/Build/Intermediates.noindex/Marilena.build/Debug-iphonesimulator/Marilena.build/DerivedSources/CoreDataGenerated/Marilena/CachedCalendarEvent+CoreDataProperties.swift /Users/mariomoschetta/Library/Developer/Xcode/DerivedData/Marilena-gmrsufdusugrudcwsykfyngpwezm/Build/Intermediates.noindex/Marilena.build/Debug-iphonesimulator/Marilena.build/DerivedSources/CoreDataGenerated/Marilena/CachedEventAttendee+CoreDataClass.swift /Users/mariomoschetta/Library/Developer/Xcode/DerivedData/Marilena-gmrsufdusugrudcwsykfyngpwezm/Build/Intermediates.noindex/Marilena.build/Debug-iphonesimulator/Marilena.build/DerivedSources/CoreDataGenerated/Marilena/CachedEventAttendee+CoreDataProperties.swift (in target 'Marilena' from project 'Marilena')

SwiftCompile normal arm64 /Users/mariomoschetta/Library/Developer/Xcode/DerivedData/Marilena-gmrsufdusugrudcwsykfyngpwezm/Build/Intermediates.noindex/Marilena.build/Debug-iphonesimulator/Marilena.build/DerivedSources/CoreDataGenerated/Marilena/CachedCalendar+CoreDataProperties.swift (in target 'Marilena' from project 'Marilena')
    cd /Users/mariomoschetta/Downloads/Marilena
    

SwiftCompile normal arm64 /Users/mariomoschetta/Library/Developer/Xcode/DerivedData/Marilena-gmrsufdusugrudcwsykfyngpwezm/Build/Intermediates.noindex/Marilena.build/Debug-iphonesimulator/Marilena.build/DerivedSources/CoreDataGenerated/Marilena/CachedCalendarEvent+CoreDataClass.swift (in target 'Marilena' from project 'Marilena')
    cd /Users/mariomoschetta/Downloads/Marilena
    

SwiftCompile normal arm64 /Users/mariomoschetta/Library/Developer/Xcode/DerivedData/Marilena-gmrsufdusugrudcwsykfyngpwezm/Build/Intermediates.noindex/Marilena.build/Debug-iphonesimulator/Marilena.build/DerivedSources/CoreDataGenerated/Marilena/CachedCalendarEvent+CoreDataProperties.swift (in target 'Marilena' from project 'Marilena')
    cd /Users/mariomoschetta/Downloads/Marilena
    

SwiftCompile normal arm64 /Users/mariomoschetta/Library/Developer/Xcode/DerivedData/Marilena-gmrsufdusugrudcwsykfyngpwezm/Build/Intermediates.noindex/Marilena.build/Debug-iphonesimulator/Marilena.build/DerivedSources/CoreDataGenerated/Marilena/CachedEventAttendee+CoreDataClass.swift (in target 'Marilena' from project 'Marilena')
    cd /Users/mariomoschetta/Downloads/Marilena
    

SwiftCompile normal arm64 /Users/mariomoschetta/Library/Developer/Xcode/DerivedData/Marilena-gmrsufdusugrudcwsykfyngpwezm/Build/Intermediates.noindex/Marilena.build/Debug-iphonesimulator/Marilena.build/DerivedSources/CoreDataGenerated/Marilena/CachedEventAttendee+CoreDataProperties.swift (in target 'Marilena' from project 'Marilena')
    cd /Users/mariomoschetta/Downloads/Marilena
    

SwiftCompile normal arm64 Compiling\ ReminderService.swift,\ ChatMessageRow.swift,\ ModularChatView.swift,\ TimeBlockingAgendaView.swift,\ EmailCacheService.swift,\ EmailCategorizationService.swift /Users/mariomoschetta/Downloads/Marilena/Marilena/Features/Calendar/ReminderService.swift /Users/mariomoschetta/Downloads/Marilena/Marilena/Features/Chat/ChatMessageRow.swift /Users/mariomoschetta/Downloads/Marilena/Marilena/Features/Chat/ModularChatView.swift /Users/mariomoschetta/Downloads/Marilena/Marilena/Features/Planner/TimeBlockingAgendaView.swift /Users/mariomoschetta/Downloads/Marilena/Marilena/EmailCacheService.swift /Users/mariomoschetta/Downloads/Marilena/Marilena/EmailCategorizationService.swift (in target 'Marilena' from project 'Marilena')

SwiftCompile normal arm64 /Users/mariomoschetta/Downloads/Marilena/Marilena/Features/Calendar/ReminderService.swift (in target 'Marilena' from project 'Marilena')
    cd /Users/mariomoschetta/Downloads/Marilena
    
/Users/mariomoschetta/Downloads/Marilena/Marilena/Features/Calendar/ReminderService.swift:30:56: warning: 'authorized' was deprecated in iOS 17.0: Check for full access or write only access
            return status == .fullAccess || status == .authorized
                                                       ^
/Users/mariomoschetta/Downloads/Marilena/Marilena/Features/Calendar/ReminderService.swift:38:80: warning: 'authorized' was deprecated in iOS 17.0: Check for full access or write only access
            return status == .fullAccess || status == .writeOnly || status == .authorized
                                                                               ^
/Users/mariomoschetta/Downloads/Marilena/Marilena/Features/Calendar/ReminderService.swift:130:37: warning: no 'async' operations occur within 'await' expression
        guard let ekReminder = try? await eventStore.calendarItem(withIdentifier: reminder.id) as? EKReminder else {
                                    ^
/Users/mariomoschetta/Downloads/Marilena/Marilena/Features/Calendar/ReminderService.swift:130:32: warning: no calls to throwing functions occur within 'try' expression
        guard let ekReminder = try? await eventStore.calendarItem(withIdentifier: reminder.id) as? EKReminder else {
                               ^
/Users/mariomoschetta/Downloads/Marilena/Marilena/Features/Calendar/ReminderService.swift:186:37: warning: no 'async' operations occur within 'await' expression
        guard let ekReminder = try? await eventStore.calendarItem(withIdentifier: reminder.id) as? EKReminder else {
                                    ^
/Users/mariomoschetta/Downloads/Marilena/Marilena/Features/Calendar/ReminderService.swift:186:32: warning: no calls to throwing functions occur within 'try' expression
        guard let ekReminder = try? await eventStore.calendarItem(withIdentifier: reminder.id) as? EKReminder else {
                               ^

SwiftCompile normal arm64 /Users/mariomoschetta/Downloads/Marilena/Marilena/Features/Chat/ChatMessageRow.swift (in target 'Marilena' from project 'Marilena')
    cd /Users/mariomoschetta/Downloads/Marilena
    

SwiftCompile normal arm64 /Users/mariomoschetta/Downloads/Marilena/Marilena/Features/Chat/ModularChatView.swift (in target 'Marilena' from project 'Marilena')
    cd /Users/mariomoschetta/Downloads/Marilena
    
/Users/mariomoschetta/Downloads/Marilena/Marilena/Features/Chat/GeneralChatToolHandler.swift:20:127: warning: main actor-isolated static property 'shared' can not be referenced from a nonisolated context; this is an error in the Swift 6 language mode
    init(calendarManager: CalendarManager, newCalendarService: NewCalendarService? = nil, reminderService: ReminderService = .shared, context: NSManagedObjectContext) {
                                                                                                                              ^
/Users/mariomoschetta/Downloads/Marilena/Marilena/Features/Calendar/ReminderService.swift:22:23: note: static property declared here
    public static let shared = ReminderService()
                      ^
/Users/mariomoschetta/Downloads/Marilena/Marilena/Features/Chat/ModularChatView.swift:1013:43: warning: 'main' was deprecated in iOS 26.0: Use a UIScreen instance found through context instead (i.e, view.window.windowScene.screen), or for properties like UIScreen.scale with trait equivalents, use a traitCollection found through context.
        let textWidth: CGFloat = UIScreen.main.bounds.width - 120 // Larghezza disponibile per il testo
                                          ^
/Users/mariomoschetta/Downloads/Marilena/Marilena/Features/Chat/ModularChatView.swift:1998:64: warning: 'main' was deprecated in iOS 26.0: Use a UIScreen instance found through context instead (i.e, view.window.windowScene.screen), or for properties like UIScreen.scale with trait equivalents, use a traitCollection found through context.
                                    .frame(minHeight: UIScreen.main.bounds.height * 0.6)
                                                               ^
/Users/mariomoschetta/Downloads/Marilena/Marilena/Features/Chat/ModularChatView.swift:2016:68: warning: 'main' was deprecated in iOS 26.0: Use a UIScreen instance found through context instead (i.e, view.window.windowScene.screen), or for properties like UIScreen.scale with trait equivalents, use a traitCollection found through context.
                                        .frame(minHeight: UIScreen.main.bounds.height * 0.6)
                                                                   ^

SwiftCompile normal arm64 /Users/mariomoschetta/Downloads/Marilena/Marilena/Features/Planner/TimeBlockingAgendaView.swift (in target 'Marilena' from project 'Marilena')
    cd /Users/mariomoschetta/Downloads/Marilena
    
/Users/mariomoschetta/Downloads/Marilena/Marilena/Features/Planner/TimeBlockingAgendaView.swift:24:87: warning: main actor-isolated static property 'shared' can not be referenced from a nonisolated context; this is an error in the Swift 6 language mode
    public init(calendarManager: CalendarManager, reminderService: ReminderService = .shared) {
                                                                                      ^
/Users/mariomoschetta/Downloads/Marilena/Marilena/Features/Calendar/ReminderService.swift:22:23: note: static property declared here
    public static let shared = ReminderService()
                      ^

SwiftCompile normal arm64 /Users/mariomoschetta/Downloads/Marilena/Marilena/EmailCacheService.swift (in target 'Marilena' from project 'Marilena')
    cd /Users/mariomoschetta/Downloads/Marilena
    

SwiftCompile normal arm64 /Users/mariomoschetta/Downloads/Marilena/Marilena/EmailCategorizationService.swift (in target 'Marilena' from project 'Marilena')
    cd /Users/mariomoschetta/Downloads/Marilena
    

SwiftCompile normal arm64 Compiling\ DraftEmail+CoreDataProperties.swift,\ EmailAction+CoreDataClass.swift,\ EmailAction+CoreDataProperties.swift,\ EmailThread+CoreDataClass.swift,\ EmailThread+CoreDataProperties.swift /Users/mariomoschetta/Library/Developer/Xcode/DerivedData/Marilena-gmrsufdusugrudcwsykfyngpwezm/Build/Intermediates.noindex/Marilena.build/Debug-iphonesimulator/Marilena.build/DerivedSources/CoreDataGenerated/Marilena/DraftEmail+CoreDataProperties.swift /Users/mariomoschetta/Library/Developer/Xcode/DerivedData/Marilena-gmrsufdusugrudcwsykfyngpwezm/Build/Intermediates.noindex/Marilena.build/Debug-iphonesimulator/Marilena.build/DerivedSources/CoreDataGenerated/Marilena/EmailAction+CoreDataClass.swift /Users/mariomoschetta/Library/Developer/Xcode/DerivedData/Marilena-gmrsufdusugrudcwsykfyngpwezm/Build/Intermediates.noindex/Marilena.build/Debug-iphonesimulator/Marilena.build/DerivedSources/CoreDataGenerated/Marilena/EmailAction+CoreDataProperties.swift /Users/mariomoschetta/Library/Developer/Xcode/DerivedData/Marilena-gmrsufdusugrudcwsykfyngpwezm/Build/Intermediates.noindex/Marilena.build/Debug-iphonesimulator/Marilena.build/DerivedSources/CoreDataGenerated/Marilena/EmailThread+CoreDataClass.swift /Users/mariomoschetta/Library/Developer/Xcode/DerivedData/Marilena-gmrsufdusugrudcwsykfyngpwezm/Build/Intermediates.noindex/Marilena.build/Debug-iphonesimulator/Marilena.build/DerivedSources/CoreDataGenerated/Marilena/EmailThread+CoreDataProperties.swift (in target 'Marilena' from project 'Marilena')

SwiftCompile normal arm64 /Users/mariomoschetta/Library/Developer/Xcode/DerivedData/Marilena-gmrsufdusugrudcwsykfyngpwezm/Build/Intermediates.noindex/Marilena.build/Debug-iphonesimulator/Marilena.build/DerivedSources/CoreDataGenerated/Marilena/DraftEmail+CoreDataProperties.swift (in target 'Marilena' from project 'Marilena')
    cd /Users/mariomoschetta/Downloads/Marilena
    

SwiftCompile normal arm64 /Users/mariomoschetta/Library/Developer/Xcode/DerivedData/Marilena-gmrsufdusugrudcwsykfyngpwezm/Build/Intermediates.noindex/Marilena.build/Debug-iphonesimulator/Marilena.build/DerivedSources/CoreDataGenerated/Marilena/EmailAction+CoreDataClass.swift (in target 'Marilena' from project 'Marilena')
    cd /Users/mariomoschetta/Downloads/Marilena
    

SwiftCompile normal arm64 /Users/mariomoschetta/Library/Developer/Xcode/DerivedData/Marilena-gmrsufdusugrudcwsykfyngpwezm/Build/Intermediates.noindex/Marilena.build/Debug-iphonesimulator/Marilena.build/DerivedSources/CoreDataGenerated/Marilena/EmailAction+CoreDataProperties.swift (in target 'Marilena' from project 'Marilena')
    cd /Users/mariomoschetta/Downloads/Marilena
    

SwiftCompile normal arm64 /Users/mariomoschetta/Library/Developer/Xcode/DerivedData/Marilena-gmrsufdusugrudcwsykfyngpwezm/Build/Intermediates.noindex/Marilena.build/Debug-iphonesimulator/Marilena.build/DerivedSources/CoreDataGenerated/Marilena/EmailThread+CoreDataClass.swift (in target 'Marilena' from project 'Marilena')
    cd /Users/mariomoschetta/Downloads/Marilena
    

SwiftCompile normal arm64 /Users/mariomoschetta/Library/Developer/Xcode/DerivedData/Marilena-gmrsufdusugrudcwsykfyngpwezm/Build/Intermediates.noindex/Marilena.build/Debug-iphonesimulator/Marilena.build/DerivedSources/CoreDataGenerated/Marilena/EmailThread+CoreDataProperties.swift (in target 'Marilena' from project 'Marilena')
    cd /Users/mariomoschetta/Downloads/Marilena
    

SwiftCompile normal arm64 Compiling\ RegistrazioneAudio+CoreDataClass.swift,\ RegistrazioneAudio+CoreDataProperties.swift,\ CachedEmail+CoreDataClass.swift,\ CachedEmail+CoreDataProperties.swift,\ DraftEmail+CoreDataClass.swift /Users/mariomoschetta/Library/Developer/Xcode/DerivedData/Marilena-gmrsufdusugrudcwsykfyngpwezm/Build/Intermediates.noindex/Marilena.build/Debug-iphonesimulator/Marilena.build/DerivedSources/CoreDataGenerated/Marilena/RegistrazioneAudio+CoreDataClass.swift /Users/mariomoschetta/Library/Developer/Xcode/DerivedData/Marilena-gmrsufdusugrudcwsykfyngpwezm/Build/Intermediates.noindex/Marilena.build/Debug-iphonesimulator/Marilena.build/DerivedSources/CoreDataGenerated/Marilena/RegistrazioneAudio+CoreDataProperties.swift /Users/mariomoschetta/Library/Developer/Xcode/DerivedData/Marilena-gmrsufdusugrudcwsykfyngpwezm/Build/Intermediates.noindex/Marilena.build/Debug-iphonesimulator/Marilena.build/DerivedSources/CoreDataGenerated/Marilena/CachedEmail+CoreDataClass.swift /Users/mariomoschetta/Library/Developer/Xcode/DerivedData/Marilena-gmrsufdusugrudcwsykfyngpwezm/Build/Intermediates.noindex/Marilena.build/Debug-iphonesimulator/Marilena.build/DerivedSources/CoreDataGenerated/Marilena/CachedEmail+CoreDataProperties.swift /Users/mariomoschetta/Library/Developer/Xcode/DerivedData/Marilena-gmrsufdusugrudcwsykfyngpwezm/Build/Intermediates.noindex/Marilena.build/Debug-iphonesimulator/Marilena.build/DerivedSources/CoreDataGenerated/Marilena/DraftEmail+CoreDataClass.swift (in target 'Marilena' from project 'Marilena')

SwiftCompile normal arm64 /Users/mariomoschetta/Library/Developer/Xcode/DerivedData/Marilena-gmrsufdusugrudcwsykfyngpwezm/Build/Intermediates.noindex/Marilena.build/Debug-iphonesimulator/Marilena.build/DerivedSources/CoreDataGenerated/Marilena/RegistrazioneAudio+CoreDataClass.swift (in target 'Marilena' from project 'Marilena')
    cd /Users/mariomoschetta/Downloads/Marilena
    

SwiftCompile normal arm64 /Users/mariomoschetta/Library/Developer/Xcode/DerivedData/Marilena-gmrsufdusugrudcwsykfyngpwezm/Build/Intermediates.noindex/Marilena.build/Debug-iphonesimulator/Marilena.build/DerivedSources/CoreDataGenerated/Marilena/RegistrazioneAudio+CoreDataProperties.swift (in target 'Marilena' from project 'Marilena')
    cd /Users/mariomoschetta/Downloads/Marilena
    

SwiftCompile normal arm64 /Users/mariomoschetta/Library/Developer/Xcode/DerivedData/Marilena-gmrsufdusugrudcwsykfyngpwezm/Build/Intermediates.noindex/Marilena.build/Debug-iphonesimulator/Marilena.build/DerivedSources/CoreDataGenerated/Marilena/CachedEmail+CoreDataClass.swift (in target 'Marilena' from project 'Marilena')
    cd /Users/mariomoschetta/Downloads/Marilena
    

SwiftCompile normal arm64 /Users/mariomoschetta/Library/Developer/Xcode/DerivedData/Marilena-gmrsufdusugrudcwsykfyngpwezm/Build/Intermediates.noindex/Marilena.build/Debug-iphonesimulator/Marilena.build/DerivedSources/CoreDataGenerated/Marilena/CachedEmail+CoreDataProperties.swift (in target 'Marilena' from project 'Marilena')
    cd /Users/mariomoschetta/Downloads/Marilena
    

SwiftCompile normal arm64 /Users/mariomoschetta/Library/Developer/Xcode/DerivedData/Marilena-gmrsufdusugrudcwsykfyngpwezm/Build/Intermediates.noindex/Marilena.build/Debug-iphonesimulator/Marilena.build/DerivedSources/CoreDataGenerated/Marilena/DraftEmail+CoreDataClass.swift (in target 'Marilena' from project 'Marilena')
    cd /Users/mariomoschetta/Downloads/Marilena
    

SwiftDriverJobDiscovery normal arm64 Compiling CachedReminder+CoreDataClass.swift, CachedReminder+CoreDataProperties.swift, SyncMetadata+CoreDataClass.swift, SyncMetadata+CoreDataProperties.swift, Marilena+CoreDataModel.swift (in target 'Marilena' from project 'Marilena')

SwiftDriverJobDiscovery normal arm64 Compiling Trascrizione+CoreDataClass.swift, Trascrizione+CoreDataProperties.swift, CompletedEvent+CoreDataClass.swift, CompletedEvent+CoreDataProperties.swift, CachedCalendar+CoreDataClass.swift (in target 'Marilena' from project 'Marilena')

SwiftDriverJobDiscovery normal arm64 Compiling ChatMarilena+CoreDataClass.swift, ChatMarilena+CoreDataProperties.swift, CronologiaContesto+CoreDataClass.swift, CronologiaContesto+CoreDataProperties.swift, Item+CoreDataClass.swift (in target 'Marilena' from project 'Marilena')

SwiftDriverJobDiscovery normal arm64 Compiling Item+CoreDataProperties.swift, MessaggioMarilena+CoreDataClass.swift, MessaggioMarilena+CoreDataProperties.swift, ProfiloUtente+CoreDataClass.swift, ProfiloUtente+CoreDataProperties.swift (in target 'Marilena' from project 'Marilena')

SwiftDriverJobDiscovery normal arm64 Compiling CachedCalendar+CoreDataProperties.swift, CachedCalendarEvent+CoreDataClass.swift, CachedCalendarEvent+CoreDataProperties.swift, CachedEventAttendee+CoreDataClass.swift, CachedEventAttendee+CoreDataProperties.swift (in target 'Marilena' from project 'Marilena')

SwiftDriverJobDiscovery normal arm64 Compiling DraftEmail+CoreDataProperties.swift, EmailAction+CoreDataClass.swift, EmailAction+CoreDataProperties.swift, EmailThread+CoreDataClass.swift, EmailThread+CoreDataProperties.swift (in target 'Marilena' from project 'Marilena')

SwiftDriverJobDiscovery normal arm64 Compiling RegistrazioneAudio+CoreDataClass.swift, RegistrazioneAudio+CoreDataProperties.swift, CachedEmail+CoreDataClass.swift, CachedEmail+CoreDataProperties.swift, DraftEmail+CoreDataClass.swift (in target 'Marilena' from project 'Marilena')

SwiftCompile normal arm64 Compiling\ EmailListView.swift /Users/mariomoschetta/Downloads/Marilena/Marilena/EmailListView.swift (in target 'Marilena' from project 'Marilena')

SwiftCompile normal arm64 /Users/mariomoschetta/Downloads/Marilena/Marilena/EmailListView.swift (in target 'Marilena' from project 'Marilena')
    cd /Users/mariomoschetta/Downloads/Marilena
    

SwiftCompile normal arm64 Compiling\ ChatsListView.swift /Users/mariomoschetta/Downloads/Marilena/Marilena/Features/Chat/ChatsListView.swift (in target 'Marilena' from project 'Marilena')

SwiftCompile normal arm64 /Users/mariomoschetta/Downloads/Marilena/Marilena/Features/Chat/ChatsListView.swift (in target 'Marilena' from project 'Marilena')
    cd /Users/mariomoschetta/Downloads/Marilena
    

SwiftDriverJobDiscovery normal arm64 Compiling EmailAccountMigration.swift, EmailAccountManager.swift, EmailAuthService.swift, EmailCacheManager.swift, EmailNetworkService.swift, RefactoredEmailService.swift (in target 'Marilena' from project 'Marilena')

SwiftCompile normal arm64 Compiling\ EmailListViewModel.swift /Users/mariomoschetta/Downloads/Marilena/Marilena/Features/Email/List/EmailListViewModel.swift (in target 'Marilena' from project 'Marilena')

SwiftCompile normal arm64 /Users/mariomoschetta/Downloads/Marilena/Marilena/Features/Email/List/EmailListViewModel.swift (in target 'Marilena' from project 'Marilena')
    cd /Users/mariomoschetta/Downloads/Marilena
    
/Users/mariomoschetta/Downloads/Marilena/Marilena/Features/Email/List/EmailListViewModel.swift:67:20: warning: value 'cached' was defined but never used; consider replacing with boolean test
            if let cached = cacheManager.getEmail(id: email.id) {
               ~~~~^~~~~~~~~
                                                                != nil

SwiftDriverJobDiscovery normal arm64 Compiling EmailListViewModel.swift (in target 'Marilena' from project 'Marilena')

SwiftDriverJobDiscovery normal arm64 Compiling ChatsListView.swift (in target 'Marilena' from project 'Marilena')

SwiftDriverJobDiscovery normal arm64 Compiling EmailListView.swift (in target 'Marilena' from project 'Marilena')

SwiftDriverJobDiscovery normal arm64 Emitting module for Marilena (in target 'Marilena' from project 'Marilena')

SwiftDriver\ Compilation\ Requirements Marilena normal arm64 com.apple.xcode.tools.swift.compiler (in target 'Marilena' from project 'Marilena')
    cd /Users/mariomoschetta/Downloads/Marilena
    builtin-Swift-Compilation-Requirements -- /Applications/Xcode.app/Contents/Developer/Toolchains/XcodeDefault.xctoolchain/usr/bin/swiftc -module-name Marilena -Onone -enforce-exclusivity\=checked @/Users/mariomoschetta/Library/Developer/Xcode/DerivedData/Marilena-gmrsufdusugrudcwsykfyngpwezm/Build/Intermediates.noindex/Marilena.build/Debug-iphonesimulator/Marilena.build/Objects-normal/arm64/Marilena.SwiftFileList -DDEBUG -Xcc -fmodule-map-file\=/Users/mariomoschetta/Library/Developer/Xcode/DerivedData/Marilena-gmrsufdusugrudcwsykfyngpwezm/Build/Intermediates.noindex/GeneratedModuleMaps-iphonesimulator/AppAuth.modulemap -Xcc -fmodule-map-file\=/Users/mariomoschetta/Library/Developer/Xcode/DerivedData/Marilena-gmrsufdusugrudcwsykfyngpwezm/Build/Intermediates.noindex/GeneratedModuleMaps-iphonesimulator/AppAuthCore.modulemap -Xcc -fmodule-map-file\=/Users/mariomoschetta/Library/Developer/Xcode/DerivedData/Marilena-gmrsufdusugrudcwsykfyngpwezm/Build/Intermediates.noindex/GeneratedModuleMaps-iphonesimulator/GoogleUtilities-Logger.modulemap -Xcc -fmodule-map-file\=/Users/mariomoschetta/Library/Developer/Xcode/DerivedData/Marilena-gmrsufdusugrudcwsykfyngpwezm/Build/Intermediates.noindex/GeneratedModuleMaps-iphonesimulator/GoogleUtilities-Environment.modulemap -Xcc -fmodule-map-file\=/Users/mariomoschetta/Library/Developer/Xcode/DerivedData/Marilena-gmrsufdusugrudcwsykfyngpwezm/Build/Intermediates.noindex/GeneratedModuleMaps-iphonesimulator/third-party-IsAppEncrypted.modulemap -Xcc -fmodule-map-file\=/Users/mariomoschetta/Library/Developer/Xcode/DerivedData/Marilena-gmrsufdusugrudcwsykfyngpwezm/Build/Intermediates.noindex/GeneratedModuleMaps-iphonesimulator/GoogleUtilities-UserDefaults.modulemap -Xcc -fmodule-map-file\=/Users/mariomoschetta/Library/Developer/Xcode/DerivedData/Marilena-gmrsufdusugrudcwsykfyngpwezm/Build/Intermediates.noindex/GeneratedModuleMaps-iphonesimulator/AppCheckCore.modulemap -Xcc -fmodule-map-file\=/Users/mariomoschetta/Library/Developer/Xcode/DerivedData/Marilena-gmrsufdusugrudcwsykfyngpwezm/Build/Intermediates.noindex/GeneratedModuleMaps-iphonesimulator/GTMSessionFetcherCore.modulemap -Xcc -fmodule-map-file\=/Users/mariomoschetta/Library/Developer/Xcode/DerivedData/Marilena-gmrsufdusugrudcwsykfyngpwezm/Build/Intermediates.noindex/GeneratedModuleMaps-iphonesimulator/GoogleSignIn.modulemap -default-isolation\=MainActor -enable-bare-slash-regex -enable-upcoming-feature DisableOutwardActorInference -enable-upcoming-feature InferSendableFromCaptures -enable-upcoming-feature GlobalActorIsolatedTypesUsability -enable-upcoming-feature MemberImportVisibility -enable-upcoming-feature InferIsolatedConformances -enable-upcoming-feature NonisolatedNonsendingByDefault -enable-experimental-feature DebugDescriptionMacro -sdk /Applications/Xcode.app/Contents/Developer/Platforms/iPhoneSimulator.platform/Developer/SDKs/iPhoneSimulator26.0.sdk -target arm64-apple-ios26.0-simulator -g -module-cache-path /Users/mariomoschetta/Library/Developer/Xcode/DerivedData/ModuleCache.noindex -Xfrontend -serialize-debugging-options -profile-coverage-mapping -profile-generate -enable-testing -index-store-path /Users/mariomoschetta/Library/Developer/Xcode/DerivedData/Marilena-gmrsufdusugrudcwsykfyngpwezm/Index.noindex/DataStore -Xcc -D_LIBCPP_HARDENING_MODE\=_LIBCPP_HARDENING_MODE_DEBUG -swift-version 5 -I /Users/mariomoschetta/Library/Developer/Xcode/DerivedData/Marilena-gmrsufdusugrudcwsykfyngpwezm/Build/Products/Debug-iphonesimulator -F /Users/mariomoschetta/Library/Developer/Xcode/DerivedData/Marilena-gmrsufdusugrudcwsykfyngpwezm/Build/Products/Debug-iphonesimulator/PackageFrameworks -F /Users/mariomoschetta/Library/Developer/Xcode/DerivedData/Marilena-gmrsufdusugrudcwsykfyngpwezm/Build/Products/Debug-iphonesimulator/PackageFrameworks -F /Users/mariomoschetta/Library/Developer/Xcode/DerivedData/Marilena-gmrsufdusugrudcwsykfyngpwezm/Build/Products/Debug-iphonesimulator/PackageFrameworks -F /Users/mariomoschetta/Library/Developer/Xcode/DerivedData/Marilena-gmrsufdusugrudcwsykfyngpwezm/Build/Products/Debug-iphonesimulator/PackageFrameworks -F /Users/mariomoschetta/Library/Developer/Xcode/DerivedData/Marilena-gmrsufdusugrudcwsykfyngpwezm/Build/Products/Debug-iphonesimulator/PackageFrameworks -F /Users/mariomoschetta/Library/Developer/Xcode/DerivedData/Marilena-gmrsufdusugrudcwsykfyngpwezm/Build/Products/Debug-iphonesimulator/PackageFrameworks -F /Users/mariomoschetta/Library/Developer/Xcode/DerivedData/Marilena-gmrsufdusugrudcwsykfyngpwezm/Build/Products/Debug-iphonesimulator/PackageFrameworks -F /Users/mariomoschetta/Library/Developer/Xcode/DerivedData/Marilena-gmrsufdusugrudcwsykfyngpwezm/Build/Products/Debug-iphonesimulator/PackageFrameworks -F /Users/mariomoschetta/Library/Developer/Xcode/DerivedData/Marilena-gmrsufdusugrudcwsykfyngpwezm/Build/Products/Debug-iphonesimulator/PackageFrameworks -F /Users/mariomoschetta/Library/Developer/Xcode/DerivedData/Marilena-gmrsufdusugrudcwsykfyngpwezm/Build/Products/Debug-iphonesimulator/PackageFrameworks -F /Users/mariomoschetta/Library/Developer/Xcode/DerivedData/Marilena-gmrsufdusugrudcwsykfyngpwezm/Build/Products/Debug-iphonesimulator/PackageFrameworks -F /Users/mariomoschetta/Library/Developer/Xcode/DerivedData/Marilena-gmrsufdusugrudcwsykfyngpwezm/Build/Products/Debug-iphonesimulator/PackageFrameworks -F /Users/mariomoschetta/Library/Developer/Xcode/DerivedData/Marilena-gmrsufdusugrudcwsykfyngpwezm/Build/Products/Debug-iphonesimulator -emit-localized-strings -emit-localized-strings-path /Users/mariomoschetta/Library/Developer/Xcode/DerivedData/Marilena-gmrsufdusugrudcwsykfyngpwezm/Build/Intermediates.noindex/Marilena.build/Debug-iphonesimulator/Marilena.build/Objects-normal/arm64 -c -j10 -enable-batch-mode -incremental -Xcc -ivfsstatcache -Xcc /Users/mariomoschetta/Library/Developer/Xcode/DerivedData/SDKStatCaches.noindex/iphonesimulator26.0-23A337-26257891a6c027eb51374368541b8346.sdkstatcache -output-file-map /Users/mariomoschetta/Library/Developer/Xcode/DerivedData/Marilena-gmrsufdusugrudcwsykfyngpwezm/Build/Intermediates.noindex/Marilena.build/Debug-iphonesimulator/Marilena.build/Objects-normal/arm64/Marilena-OutputFileMap.json -use-frontend-parseable-output -save-temps -no-color-diagnostics -explicit-module-build -module-cache-path /Users/mariomoschetta/Library/Developer/Xcode/DerivedData/Marilena-gmrsufdusugrudcwsykfyngpwezm/Build/Intermediates.noindex/SwiftExplicitPrecompiledModules -clang-scanner-module-cache-path /Users/mariomoschetta/Library/Developer/Xcode/DerivedData/ModuleCache.noindex -sdk-module-cache-path /Users/mariomoschetta/Library/Developer/Xcode/DerivedData/ModuleCache.noindex -serialize-diagnostics -emit-dependencies -emit-module -emit-module-path /Users/mariomoschetta/Library/Developer/Xcode/DerivedData/Marilena-gmrsufdusugrudcwsykfyngpwezm/Build/Intermediates.noindex/Marilena.build/Debug-iphonesimulator/Marilena.build/Objects-normal/arm64/Marilena.swiftmodule -validate-clang-modules-once -clang-build-session-file /Users/mariomoschetta/Library/Developer/Xcode/DerivedData/ModuleCache.noindex/Session.modulevalidation -Xcc -I/Users/mariomoschetta/Library/Developer/Xcode/DerivedData/Marilena-gmrsufdusugrudcwsykfyngpwezm/Build/Intermediates.noindex/Marilena.build/Debug-iphonesimulator/Marilena.build/swift-overrides.hmap -emit-const-values -Xfrontend -const-gather-protocols-file -Xfrontend /Users/mariomoschetta/Library/Developer/Xcode/DerivedData/Marilena-gmrsufdusugrudcwsykfyngpwezm/Build/Intermediates.noindex/Marilena.build/Debug-iphonesimulator/Marilena.build/Objects-normal/arm64/Marilena_const_extract_protocols.json -Xcc -iquote -Xcc /Users/mariomoschetta/Library/Developer/Xcode/DerivedData/Marilena-gmrsufdusugrudcwsykfyngpwezm/Build/Intermediates.noindex/Marilena.build/Debug-iphonesimulator/Marilena.build/Marilena-generated-files.hmap -Xcc -I/Users/mariomoschetta/Library/Developer/Xcode/DerivedData/Marilena-gmrsufdusugrudcwsykfyngpwezm/Build/Intermediates.noindex/Marilena.build/Debug-iphonesimulator/Marilena.build/Marilena-own-target-headers.hmap -Xcc -I/Users/mariomoschetta/Library/Developer/Xcode/DerivedData/Marilena-gmrsufdusugrudcwsykfyngpwezm/Build/Intermediates.noindex/Marilena.build/Debug-iphonesimulator/Marilena.build/Marilena-all-non-framework-target-headers.hmap -Xcc -ivfsoverlay -Xcc /Users/mariomoschetta/Library/Developer/Xcode/DerivedData/Marilena-gmrsufdusugrudcwsykfyngpwezm/Build/Intermediates.noindex/Marilena.build/Debug-iphonesimulator/Marilena-97d9d17465d2c92c804a06e885683b02-VFS-iphonesimulator/all-product-headers.yaml -Xcc -iquote -Xcc /Users/mariomoschetta/Library/Developer/Xcode/DerivedData/Marilena-gmrsufdusugrudcwsykfyngpwezm/Build/Intermediates.noindex/Marilena.build/Debug-iphonesimulator/Marilena.build/Marilena-project-headers.hmap -Xcc -I/Users/mariomoschetta/Library/Developer/Xcode/DerivedData/Marilena-gmrsufdusugrudcwsykfyngpwezm/SourcePackages/checkouts/AppAuth-iOS/Sources/AppAuth -Xcc -I/Users/mariomoschetta/Library/Developer/Xcode/DerivedData/Marilena-gmrsufdusugrudcwsykfyngpwezm/SourcePackages/checkouts/AppAuth-iOS/Sources/AppAuthCore -Xcc -I/Users/mariomoschetta/Library/Developer/Xcode/DerivedData/Marilena-gmrsufdusugrudcwsykfyngpwezm/SourcePackages/checkouts/promises/Sources/FBLPromises/include -Xcc -I/Users/mariomoschetta/Library/Developer/Xcode/DerivedData/Marilena-gmrsufdusugrudcwsykfyngpwezm/SourcePackages/checkouts/GoogleUtilities/GoogleUtilities/Logger/Public -Xcc -I/Users/mariomoschetta/Library/Developer/Xcode/DerivedData/Marilena-gmrsufdusugrudcwsykfyngpwezm/SourcePackages/checkouts/GoogleUtilities/GoogleUtilities/Environment/Public -Xcc -I/Users/mariomoschetta/Library/Developer/Xcode/DerivedData/Marilena-gmrsufdusugrudcwsykfyngpwezm/SourcePackages/checkouts/GoogleUtilities/third_party/IsAppEncrypted/Public -Xcc -I/Users/mariomoschetta/Library/Developer/Xcode/DerivedData/Marilena-gmrsufdusugrudcwsykfyngpwezm/SourcePackages/checkouts/GoogleUtilities/GoogleUtilities/UserDefaults/Public -Xcc -I/Users/mariomoschetta/Library/Developer/Xcode/DerivedData/Marilena-gmrsufdusugrudcwsykfyngpwezm/SourcePackages/checkouts/app-check/AppCheckCore/Sources/Public -Xcc -I/Users/mariomoschetta/Library/Developer/Xcode/DerivedData/Marilena-gmrsufdusugrudcwsykfyngpwezm/SourcePackages/checkouts/gtm-session-fetcher/Sources/Core/Public -Xcc -I/Users/mariomoschetta/Library/Developer/Xcode/DerivedData/Marilena-gmrsufdusugrudcwsykfyngpwezm/SourcePackages/checkouts/GoogleSignIn-iOS/GoogleSignIn/Sources/Public -Xcc -I/Users/mariomoschetta/Library/Developer/Xcode/DerivedData/Marilena-gmrsufdusugrudcwsykfyngpwezm/Build/Products/Debug-iphonesimulator/include -Xcc -I/Users/mariomoschetta/Library/Developer/Xcode/DerivedData/Marilena-gmrsufdusugrudcwsykfyngpwezm/Build/Intermediates.noindex/Marilena.build/Debug-iphonesimulator/Marilena.build/DerivedSources-normal/arm64 -Xcc -I/Users/mariomoschetta/Library/Developer/Xcode/DerivedData/Marilena-gmrsufdusugrudcwsykfyngpwezm/Build/Intermediates.noindex/Marilena.build/Debug-iphonesimulator/Marilena.build/DerivedSources/arm64 -Xcc -I/Users/mariomoschetta/Library/Developer/Xcode/DerivedData/Marilena-gmrsufdusugrudcwsykfyngpwezm/Build/Intermediates.noindex/Marilena.build/Debug-iphonesimulator/Marilena.build/DerivedSources -Xcc -DDEBUG\=1 -emit-objc-header -emit-objc-header-path /Users/mariomoschetta/Library/Developer/Xcode/DerivedData/Marilena-gmrsufdusugrudcwsykfyngpwezm/Build/Intermediates.noindex/Marilena.build/Debug-iphonesimulator/Marilena.build/Objects-normal/arm64/Marilena-Swift.h -working-directory /Users/mariomoschetta/Downloads/Marilena -experimental-emit-module-separately -disable-cmo

Copy /Users/mariomoschetta/Library/Developer/Xcode/DerivedData/Marilena-gmrsufdusugrudcwsykfyngpwezm/Build/Products/Debug-iphonesimulator/Marilena.swiftmodule/arm64-apple-ios-simulator.swiftmodule /Users/mariomoschetta/Library/Developer/Xcode/DerivedData/Marilena-gmrsufdusugrudcwsykfyngpwezm/Build/Intermediates.noindex/Marilena.build/Debug-iphonesimulator/Marilena.build/Objects-normal/arm64/Marilena.swiftmodule (in target 'Marilena' from project 'Marilena')
    cd /Users/mariomoschetta/Downloads/Marilena
    builtin-copy -exclude .DS_Store -exclude CVS -exclude .svn -exclude .git -exclude .hg -resolve-src-symlinks -rename /Users/mariomoschetta/Library/Developer/Xcode/DerivedData/Marilena-gmrsufdusugrudcwsykfyngpwezm/Build/Intermediates.noindex/Marilena.build/Debug-iphonesimulator/Marilena.build/Objects-normal/arm64/Marilena.swiftmodule /Users/mariomoschetta/Library/Developer/Xcode/DerivedData/Marilena-gmrsufdusugrudcwsykfyngpwezm/Build/Products/Debug-iphonesimulator/Marilena.swiftmodule/arm64-apple-ios-simulator.swiftmodule

Copy /Users/mariomoschetta/Library/Developer/Xcode/DerivedData/Marilena-gmrsufdusugrudcwsykfyngpwezm/Build/Products/Debug-iphonesimulator/Marilena.swiftmodule/arm64-apple-ios-simulator.abi.json /Users/mariomoschetta/Library/Developer/Xcode/DerivedData/Marilena-gmrsufdusugrudcwsykfyngpwezm/Build/Intermediates.noindex/Marilena.build/Debug-iphonesimulator/Marilena.build/Objects-normal/arm64/Marilena.abi.json (in target 'Marilena' from project 'Marilena')
    cd /Users/mariomoschetta/Downloads/Marilena
    builtin-copy -exclude .DS_Store -exclude CVS -exclude .svn -exclude .git -exclude .hg -resolve-src-symlinks -rename /Users/mariomoschetta/Library/Developer/Xcode/DerivedData/Marilena-gmrsufdusugrudcwsykfyngpwezm/Build/Intermediates.noindex/Marilena.build/Debug-iphonesimulator/Marilena.build/Objects-normal/arm64/Marilena.abi.json /Users/mariomoschetta/Library/Developer/Xcode/DerivedData/Marilena-gmrsufdusugrudcwsykfyngpwezm/Build/Products/Debug-iphonesimulator/Marilena.swiftmodule/arm64-apple-ios-simulator.abi.json

Copy /Users/mariomoschetta/Library/Developer/Xcode/DerivedData/Marilena-gmrsufdusugrudcwsykfyngpwezm/Build/Products/Debug-iphonesimulator/Marilena.swiftmodule/Project/arm64-apple-ios-simulator.swiftsourceinfo /Users/mariomoschetta/Library/Developer/Xcode/DerivedData/Marilena-gmrsufdusugrudcwsykfyngpwezm/Build/Intermediates.noindex/Marilena.build/Debug-iphonesimulator/Marilena.build/Objects-normal/arm64/Marilena.swiftsourceinfo (in target 'Marilena' from project 'Marilena')
    cd /Users/mariomoschetta/Downloads/Marilena
    builtin-copy -exclude .DS_Store -exclude CVS -exclude .svn -exclude .git -exclude .hg -resolve-src-symlinks -rename /Users/mariomoschetta/Library/Developer/Xcode/DerivedData/Marilena-gmrsufdusugrudcwsykfyngpwezm/Build/Intermediates.noindex/Marilena.build/Debug-iphonesimulator/Marilena.build/Objects-normal/arm64/Marilena.swiftsourceinfo /Users/mariomoschetta/Library/Developer/Xcode/DerivedData/Marilena-gmrsufdusugrudcwsykfyngpwezm/Build/Products/Debug-iphonesimulator/Marilena.swiftmodule/Project/arm64-apple-ios-simulator.swiftsourceinfo

SwiftDriverJobDiscovery normal arm64 Compiling ReminderService.swift, ChatMessageRow.swift, ModularChatView.swift, TimeBlockingAgendaView.swift, EmailCacheService.swift, EmailCategorizationService.swift (in target 'Marilena' from project 'Marilena')

SwiftCompile normal arm64 Compiling\ WeekTimelineView.swift,\ ChatView.swift,\ GeneralChatToolHandler.swift /Users/mariomoschetta/Downloads/Marilena/Marilena/Features/Calendar/WeekTimelineView.swift /Users/mariomoschetta/Downloads/Marilena/Marilena/Features/Chat/ChatView.swift /Users/mariomoschetta/Downloads/Marilena/Marilena/Features/Chat/GeneralChatToolHandler.swift (in target 'Marilena' from project 'Marilena')
SwiftCompile normal arm64 /Users/mariomoschetta/Downloads/Marilena/Marilena/Features/Calendar/WeekTimelineView.swift (in target 'Marilena' from project 'Marilena')
    cd /Users/mariomoschetta/Downloads/Marilena
    

SwiftCompile normal arm64 /Users/mariomoschetta/Downloads/Marilena/Marilena/Features/Chat/ChatView.swift (in target 'Marilena' from project 'Marilena')
    cd /Users/mariomoschetta/Downloads/Marilena
    

SwiftCompile normal arm64 /Users/mariomoschetta/Downloads/Marilena/Marilena/Features/Chat/GeneralChatToolHandler.swift (in target 'Marilena' from project 'Marilena')
    cd /Users/mariomoschetta/Downloads/Marilena
    

SwiftCompile normal arm64 Compiling\ NewDayView.swift,\ NewEventCreationView.swift,\ NewMonthView.swift /Users/mariomoschetta/Downloads/Marilena/Marilena/Features/NewCalendar/Views/NewDayView.swift /Users/mariomoschetta/Downloads/Marilena/Marilena/Features/NewCalendar/Views/NewEventCreationView.swift /Users/mariomoschetta/Downloads/Marilena/Marilena/Features/NewCalendar/Views/NewMonthView.swift (in target 'Marilena' from project 'Marilena')
SwiftCompile normal arm64 /Users/mariomoschetta/Downloads/Marilena/Marilena/Features/NewCalendar/Views/NewDayView.swift (in target 'Marilena' from project 'Marilena')
    cd /Users/mariomoschetta/Downloads/Marilena
    

SwiftCompile normal arm64 /Users/mariomoschetta/Downloads/Marilena/Marilena/Features/NewCalendar/Views/NewEventCreationView.swift (in target 'Marilena' from project 'Marilena')
    cd /Users/mariomoschetta/Downloads/Marilena
    

SwiftCompile normal arm64 /Users/mariomoschetta/Downloads/Marilena/Marilena/Features/NewCalendar/Views/NewMonthView.swift (in target 'Marilena' from project 'Marilena')
    cd /Users/mariomoschetta/Downloads/Marilena
    

SwiftCompile normal arm64 Compiling\ CalendarView.swift,\ CreateEventView.swift,\ DayTimelineView.swift,\ EventDetailSheet.swift /Users/mariomoschetta/Downloads/Marilena/Marilena/Features/Calendar/CalendarView.swift /Users/mariomoschetta/Downloads/Marilena/Marilena/Features/Calendar/CreateEventView.swift /Users/mariomoschetta/Downloads/Marilena/Marilena/Features/Calendar/DayTimelineView.swift /Users/mariomoschetta/Downloads/Marilena/Marilena/Features/Calendar/EventDetailSheet.swift (in target 'Marilena' from project 'Marilena')
SwiftCompile normal arm64 /Users/mariomoschetta/Downloads/Marilena/Marilena/Features/Calendar/CalendarView.swift (in target 'Marilena' from project 'Marilena')
    cd /Users/mariomoschetta/Downloads/Marilena
    

SwiftCompile normal arm64 /Users/mariomoschetta/Downloads/Marilena/Marilena/Features/Calendar/CreateEventView.swift (in target 'Marilena' from project 'Marilena')
    cd /Users/mariomoschetta/Downloads/Marilena
    

SwiftCompile normal arm64 /Users/mariomoschetta/Downloads/Marilena/Marilena/Features/Calendar/DayTimelineView.swift (in target 'Marilena' from project 'Marilena')
    cd /Users/mariomoschetta/Downloads/Marilena
    

SwiftCompile normal arm64 /Users/mariomoschetta/Downloads/Marilena/Marilena/Features/Calendar/EventDetailSheet.swift (in target 'Marilena' from project 'Marilena')
    cd /Users/mariomoschetta/Downloads/Marilena
    

SwiftCompile normal arm64 Compiling\ RecorderMainView.swift,\ RecordingService.swift,\ SettingsView.swift /Users/mariomoschetta/Downloads/Marilena/Marilena/RecorderMainView.swift /Users/mariomoschetta/Downloads/Marilena/Marilena/RecordingService.swift /Users/mariomoschetta/Downloads/Marilena/Marilena/SettingsView.swift (in target 'Marilena' from project 'Marilena')

SwiftCompile normal arm64 /Users/mariomoschetta/Downloads/Marilena/Marilena/RecorderMainView.swift (in target 'Marilena' from project 'Marilena')
    cd /Users/mariomoschetta/Downloads/Marilena
    

SwiftCompile normal arm64 /Users/mariomoschetta/Downloads/Marilena/Marilena/RecordingService.swift (in target 'Marilena' from project 'Marilena')
    cd /Users/mariomoschetta/Downloads/Marilena
    

SwiftCompile normal arm64 /Users/mariomoschetta/Downloads/Marilena/Marilena/SettingsView.swift (in target 'Marilena' from project 'Marilena')
    cd /Users/mariomoschetta/Downloads/Marilena
    

SwiftCompile normal arm64 Compiling\ NewWeekView.swift,\ PlannerPromptBuilder.swift,\ ModificaProfiloView.swift /Users/mariomoschetta/Downloads/Marilena/Marilena/Features/NewCalendar/Views/NewWeekView.swift /Users/mariomoschetta/Downloads/Marilena/Marilena/Features/Planner/PlannerPromptBuilder.swift /Users/mariomoschetta/Downloads/Marilena/Marilena/Features/Profilo/ModificaProfiloView.swift (in target 'Marilena' from project 'Marilena')
SwiftCompile normal arm64 /Users/mariomoschetta/Downloads/Marilena/Marilena/Features/NewCalendar/Views/NewWeekView.swift (in target 'Marilena' from project 'Marilena')
    cd /Users/mariomoschetta/Downloads/Marilena
    

SwiftCompile normal arm64 /Users/mariomoschetta/Downloads/Marilena/Marilena/Features/Planner/PlannerPromptBuilder.swift (in target 'Marilena' from project 'Marilena')
    cd /Users/mariomoschetta/Downloads/Marilena
    

SwiftCompile normal arm64 /Users/mariomoschetta/Downloads/Marilena/Marilena/Features/Profilo/ModificaProfiloView.swift (in target 'Marilena' from project 'Marilena')
    cd /Users/mariomoschetta/Downloads/Marilena
    

SwiftCompile normal arm64 Compiling\ NewCalendarService.swift,\ NewAgendaView.swift,\ NewCalendarView.swift /Users/mariomoschetta/Downloads/Marilena/Marilena/Features/NewCalendar/Services/NewCalendarService.swift /Users/mariomoschetta/Downloads/Marilena/Marilena/Features/NewCalendar/Views/NewAgendaView.swift /Users/mariomoschetta/Downloads/Marilena/Marilena/Features/NewCalendar/Views/NewCalendarView.swift (in target 'Marilena' from project 'Marilena')

SwiftCompile normal arm64 /Users/mariomoschetta/Downloads/Marilena/Marilena/Features/NewCalendar/Services/NewCalendarService.swift (in target 'Marilena' from project 'Marilena')
    cd /Users/mariomoschetta/Downloads/Marilena
    

SwiftCompile normal arm64 /Users/mariomoschetta/Downloads/Marilena/Marilena/Features/NewCalendar/Views/NewAgendaView.swift (in target 'Marilena' from project 'Marilena')
    cd /Users/mariomoschetta/Downloads/Marilena
    

SwiftCompile normal arm64 /Users/mariomoschetta/Downloads/Marilena/Marilena/Features/NewCalendar/Views/NewCalendarView.swift (in target 'Marilena' from project 'Marilena')
    cd /Users/mariomoschetta/Downloads/Marilena
    

SwiftCompile normal arm64 Compiling\ ProfiloView.swift,\ AudioRecorderView.swift,\ ContentView.swift /Users/mariomoschetta/Downloads/Marilena/Marilena/Features/Profilo/ProfiloView.swift /Users/mariomoschetta/Downloads/Marilena/Marilena/AudioRecorderView.swift /Users/mariomoschetta/Downloads/Marilena/Marilena/ContentView.swift (in target 'Marilena' from project 'Marilena')

SwiftCompile normal arm64 /Users/mariomoschetta/Downloads/Marilena/Marilena/Features/Profilo/ProfiloView.swift (in target 'Marilena' from project 'Marilena')
    cd /Users/mariomoschetta/Downloads/Marilena
    

SwiftCompile normal arm64 /Users/mariomoschetta/Downloads/Marilena/Marilena/AudioRecorderView.swift (in target 'Marilena' from project 'Marilena')
    cd /Users/mariomoschetta/Downloads/Marilena
    

SwiftCompile normal arm64 /Users/mariomoschetta/Downloads/Marilena/Marilena/ContentView.swift (in target 'Marilena' from project 'Marilena')
    cd /Users/mariomoschetta/Downloads/Marilena
    

SwiftCompile normal arm64 Compiling\ EventEditView.swift,\ EventListRow.swift,\ NaturalLanguageEventView.swift,\ ServicePickerView.swift /Users/mariomoschetta/Downloads/Marilena/Marilena/Features/Calendar/EventEditView.swift /Users/mariomoschetta/Downloads/Marilena/Marilena/Features/Calendar/EventListRow.swift /Users/mariomoschetta/Downloads/Marilena/Marilena/Features/Calendar/NaturalLanguageEventView.swift /Users/mariomoschetta/Downloads/Marilena/Marilena/Features/Calendar/ServicePickerView.swift (in target 'Marilena' from project 'Marilena')

SwiftCompile normal arm64 /Users/mariomoschetta/Downloads/Marilena/Marilena/Features/Calendar/EventEditView.swift (in target 'Marilena' from project 'Marilena')
    cd /Users/mariomoschetta/Downloads/Marilena
    

SwiftCompile normal arm64 /Users/mariomoschetta/Downloads/Marilena/Marilena/Features/Calendar/EventListRow.swift (in target 'Marilena' from project 'Marilena')
    cd /Users/mariomoschetta/Downloads/Marilena
    

SwiftCompile normal arm64 /Users/mariomoschetta/Downloads/Marilena/Marilena/Features/Calendar/NaturalLanguageEventView.swift (in target 'Marilena' from project 'Marilena')
    cd /Users/mariomoschetta/Downloads/Marilena
    

SwiftCompile normal arm64 /Users/mariomoschetta/Downloads/Marilena/Marilena/Features/Calendar/ServicePickerView.swift (in target 'Marilena' from project 'Marilena')
    cd /Users/mariomoschetta/Downloads/Marilena
    

SwiftCompile normal arm64 Compiling\ MarilenaApp.swift,\ ModelPickerForCategorizationView.swift,\ OAuthConfigView.swift /Users/mariomoschetta/Downloads/Marilena/Marilena/MarilenaApp.swift /Users/mariomoschetta/Downloads/Marilena/Marilena/ModelPickerForCategorizationView.swift /Users/mariomoschetta/Downloads/Marilena/Marilena/OAuthConfigView.swift (in target 'Marilena' from project 'Marilena')

SwiftCompile normal arm64 /Users/mariomoschetta/Downloads/Marilena/Marilena/MarilenaApp.swift (in target 'Marilena' from project 'Marilena')
    cd /Users/mariomoschetta/Downloads/Marilena
    

SwiftCompile normal arm64 /Users/mariomoschetta/Downloads/Marilena/Marilena/ModelPickerForCategorizationView.swift (in target 'Marilena' from project 'Marilena')
    cd /Users/mariomoschetta/Downloads/Marilena
    
/Users/mariomoschetta/Downloads/Marilena/Marilena/ModelPickerForCategorizationView.swift:73:18: warning: 'onChange(of:perform:)' was deprecated in iOS 17.0: Use `onChange` with a two or zero parameter action closure instead.
                .onChange(of: selectedModel) { newModel in
                 ^

SwiftCompile normal arm64 /Users/mariomoschetta/Downloads/Marilena/Marilena/OAuthConfigView.swift (in target 'Marilena' from project 'Marilena')
    cd /Users/mariomoschetta/Downloads/Marilena
    

SwiftCompile normal arm64 Compiling\ ModularTranscriptionView.swift,\ CalendarManager.swift,\ CRMDataService.swift,\ AIEventCreationView.swift /Users/mariomoschetta/Downloads/Marilena/Marilena/Core/AI/TranscriptionModule/ModularTranscriptionView.swift /Users/mariomoschetta/Downloads/Marilena/Marilena/Core/Calendar/CalendarManager.swift /Users/mariomoschetta/Downloads/Marilena/Marilena/Core/Data/Services/CRMDataService.swift /Users/mariomoschetta/Downloads/Marilena/Marilena/Features/Calendar/AIEventCreationView.swift (in target 'Marilena' from project 'Marilena')

SwiftCompile normal arm64 /Users/mariomoschetta/Downloads/Marilena/Marilena/Core/AI/TranscriptionModule/ModularTranscriptionView.swift (in target 'Marilena' from project 'Marilena')
    cd /Users/mariomoschetta/Downloads/Marilena
    

SwiftCompile normal arm64 /Users/mariomoschetta/Downloads/Marilena/Marilena/Core/Calendar/CalendarManager.swift (in target 'Marilena' from project 'Marilena')
    cd /Users/mariomoschetta/Downloads/Marilena
    

SwiftCompile normal arm64 /Users/mariomoschetta/Downloads/Marilena/Marilena/Core/Data/Services/CRMDataService.swift (in target 'Marilena' from project 'Marilena')
    cd /Users/mariomoschetta/Downloads/Marilena
    

SwiftCompile normal arm64 /Users/mariomoschetta/Downloads/Marilena/Marilena/Features/Calendar/AIEventCreationView.swift (in target 'Marilena' from project 'Marilena')
    cd /Users/mariomoschetta/Downloads/Marilena
    

SwiftDriverJobDiscovery normal arm64 Compiling MarilenaApp.swift, ModelPickerForCategorizationView.swift, OAuthConfigView.swift (in target 'Marilena' from project 'Marilena')

** BUILD FAILED **


The following build commands failed:
	SwiftCompile normal arm64 /Users/mariomoschetta/Downloads/Marilena/Marilena/EmailService.swift (in target 'Marilena' from project 'Marilena')
	SwiftCompile normal arm64 Compiling\ EmailService.swift,\ ExampleIntegration.swift,\ IMAPClient.swift,\ ModernComposeView.swift,\ ModernEmailViewerAIDemo.swift,\ ModernEmailViewerTest.swift /Users/mariomoschetta/Downloads/Marilena/Marilena/EmailService.swift /Users/mariomoschetta/Downloads/Marilena/Marilena/ExampleIntegration.swift /Users/mariomoschetta/Downloads/Marilena/Marilena/IMAPClient.swift /Users/mariomoschetta/Downloads/Marilena/Marilena/ModernComposeView.swift /Users/mariomoschetta/Downloads/Marilena/Marilena/ModernEmailViewerAIDemo.swift /Users/mariomoschetta/Downloads/Marilena/Marilena/ModernEmailViewerTest.swift (in target 'Marilena' from project 'Marilena')
	Building workspace Marilena with scheme Marilena-iOS
(3 failures)
