Command line invocation:
    /Applications/Xcode.app/Contents/Developer/usr/bin/xcodebuild -project Marilena.xcodeproj -scheme Marilena-iOS -destination "platform=iOS Simulator,name=iPhone 16" -derivedDataPath DerivedData build

Resolve Package Graph


Resolved source packages:
  GTMSessionFetcher: https://github.com/google/gtm-session-fetcher.git @ 3.5.0
  AppAuth: https://github.com/openid/AppAuth-iOS.git @ 2.0.0
  GoogleUtilities: https://github.com/google/GoogleUtilities.git @ 8.1.0
  GoogleSignIn: https://github.com/google/GoogleSignIn-iOS.git @ 9.0.0
  Promises: https://github.com/google/promises.git @ 2.4.0
  GTMAppAuth: https://github.com/google/GTMAppAuth.git @ 5.0.0
  AppCheck: https://github.com/google/app-check.git @ 11.2.0

ComputePackagePrebuildTargetDependencyGraph

Prepare packages

CreateBuildRequest

SendProjectDescription

CreateBuildOperation

ComputeTargetDependencyGraph
note: Building targets in dependency order
note: Target dependency graph (33 targets)
    Target 'Marilena' in project 'Marilena'
        ➜ Explicit dependency on target 'GoogleSignIn' in project 'GoogleSignIn'
        ➜ Explicit dependency on target 'GoogleSignInSwift' in project 'GoogleSignIn'
    Target 'GoogleSignInSwift' in project 'GoogleSignIn'
        ➜ Explicit dependency on target 'GoogleSignInSwift' in project 'GoogleSignIn'
        ➜ Explicit dependency on target 'GoogleSignIn_GoogleSignInSwift' in project 'GoogleSignIn'
        ➜ Explicit dependency on target 'GoogleSignIn' in project 'GoogleSignIn'
        ➜ Explicit dependency on target 'AppAuth' in project 'AppAuth'
        ➜ Explicit dependency on target 'AppAuthCore' in project 'AppAuth'
        ➜ Explicit dependency on target 'AppCheckCore' in project 'AppCheck'
        ➜ Explicit dependency on target 'GTMAppAuth' in project 'GTMAppAuth'
        ➜ Explicit dependency on target 'GTMSessionFetcherCore' in project 'GTMSessionFetcher'
    Target 'GoogleSignInSwift' in project 'GoogleSignIn'
        ➜ Explicit dependency on target 'GoogleSignIn_GoogleSignInSwift' in project 'GoogleSignIn'
        ➜ Explicit dependency on target 'GoogleSignIn' in project 'GoogleSignIn'
        ➜ Explicit dependency on target 'AppAuth' in project 'AppAuth'
        ➜ Explicit dependency on target 'AppAuthCore' in project 'AppAuth'
        ➜ Explicit dependency on target 'AppCheckCore' in project 'AppCheck'
        ➜ Explicit dependency on target 'GTMAppAuth' in project 'GTMAppAuth'
        ➜ Explicit dependency on target 'GTMSessionFetcherCore' in project 'GTMSessionFetcher'
    Target 'GoogleSignIn_GoogleSignInSwift' in project 'GoogleSignIn' (no dependencies)
    Target 'GoogleSignIn' in project 'GoogleSignIn'
        ➜ Explicit dependency on target 'GoogleSignIn' in project 'GoogleSignIn'
        ➜ Explicit dependency on target 'GoogleSignIn_GoogleSignIn' in project 'GoogleSignIn'
        ➜ Explicit dependency on target 'AppAuth' in project 'AppAuth'
        ➜ Explicit dependency on target 'AppAuthCore' in project 'AppAuth'
        ➜ Explicit dependency on target 'AppCheckCore' in project 'AppCheck'
        ➜ Explicit dependency on target 'GTMAppAuth' in project 'GTMAppAuth'
        ➜ Explicit dependency on target 'GTMSessionFetcherCore' in project 'GTMSessionFetcher'
    Target 'GoogleSignIn' in project 'GoogleSignIn'
        ➜ Explicit dependency on target 'GoogleSignIn_GoogleSignIn' in project 'GoogleSignIn'
        ➜ Explicit dependency on target 'AppAuth' in project 'AppAuth'
        ➜ Explicit dependency on target 'AppAuthCore' in project 'AppAuth'
        ➜ Explicit dependency on target 'AppCheckCore' in project 'AppCheck'
        ➜ Explicit dependency on target 'GTMAppAuth' in project 'GTMAppAuth'
        ➜ Explicit dependency on target 'GTMSessionFetcherCore' in project 'GTMSessionFetcher'
    Target 'GTMAppAuth' in project 'GTMAppAuth'
        ➜ Explicit dependency on target 'GTMAppAuth' in project 'GTMAppAuth'
        ➜ Explicit dependency on target 'GTMAppAuth_GTMAppAuth' in project 'GTMAppAuth'
        ➜ Explicit dependency on target 'GTMSessionFetcherCore' in project 'GTMSessionFetcher'
        ➜ Explicit dependency on target 'AppAuthCore' in project 'AppAuth'
    Target 'GTMAppAuth' in project 'GTMAppAuth'
        ➜ Explicit dependency on target 'GTMAppAuth_GTMAppAuth' in project 'GTMAppAuth'
        ➜ Explicit dependency on target 'GTMSessionFetcherCore' in project 'GTMSessionFetcher'
        ➜ Explicit dependency on target 'AppAuthCore' in project 'AppAuth'
    Target 'GTMSessionFetcherCore' in project 'GTMSessionFetcher'
        ➜ Explicit dependency on target 'GTMSessionFetcherCore' in project 'GTMSessionFetcher'
        ➜ Explicit dependency on target 'GTMSessionFetcher_GTMSessionFetcherCore' in project 'GTMSessionFetcher'
    Target 'GTMSessionFetcherCore' in project 'GTMSessionFetcher'
        ➜ Explicit dependency on target 'GTMSessionFetcher_GTMSessionFetcherCore' in project 'GTMSessionFetcher'
    Target 'GTMSessionFetcher_GTMSessionFetcherCore' in project 'GTMSessionFetcher' (no dependencies)
    Target 'GTMAppAuth_GTMAppAuth' in project 'GTMAppAuth' (no dependencies)
    Target 'AppCheckCore' in project 'AppCheck'
        ➜ Explicit dependency on target 'AppCheckCore' in project 'AppCheck'
        ➜ Explicit dependency on target 'FBLPromises' in project 'Promises'
        ➜ Explicit dependency on target 'GULEnvironment' in project 'GoogleUtilities'
        ➜ Explicit dependency on target 'GULUserDefaults' in project 'GoogleUtilities'
    Target 'AppCheckCore' in project 'AppCheck'
        ➜ Explicit dependency on target 'FBLPromises' in project 'Promises'
        ➜ Explicit dependency on target 'GULEnvironment' in project 'GoogleUtilities'
        ➜ Explicit dependency on target 'GULUserDefaults' in project 'GoogleUtilities'
    Target 'GULUserDefaults' in project 'GoogleUtilities'
        ➜ Explicit dependency on target 'GoogleUtilities-UserDefaults' in project 'GoogleUtilities'
        ➜ Explicit dependency on target 'GoogleUtilities_GoogleUtilities-UserDefaults' in project 'GoogleUtilities'
        ➜ Explicit dependency on target 'third-party-IsAppEncrypted' in project 'GoogleUtilities'
        ➜ Explicit dependency on target 'GoogleUtilities-Environment' in project 'GoogleUtilities'
        ➜ Explicit dependency on target 'GoogleUtilities-Logger' in project 'GoogleUtilities'
    Target 'GoogleUtilities-UserDefaults' in project 'GoogleUtilities'
        ➜ Explicit dependency on target 'GoogleUtilities_GoogleUtilities-UserDefaults' in project 'GoogleUtilities'
        ➜ Explicit dependency on target 'third-party-IsAppEncrypted' in project 'GoogleUtilities'
        ➜ Explicit dependency on target 'GoogleUtilities-Environment' in project 'GoogleUtilities'
        ➜ Explicit dependency on target 'GoogleUtilities-Logger' in project 'GoogleUtilities'
    Target 'GoogleUtilities-Logger' in project 'GoogleUtilities'
        ➜ Explicit dependency on target 'GoogleUtilities_GoogleUtilities-Logger' in project 'GoogleUtilities'
        ➜ Explicit dependency on target 'third-party-IsAppEncrypted' in project 'GoogleUtilities'
        ➜ Explicit dependency on target 'GoogleUtilities-Environment' in project 'GoogleUtilities'
    Target 'GoogleUtilities_GoogleUtilities-Logger' in project 'GoogleUtilities' (no dependencies)
    Target 'GoogleUtilities_GoogleUtilities-UserDefaults' in project 'GoogleUtilities' (no dependencies)
    Target 'GULEnvironment' in project 'GoogleUtilities'
        ➜ Explicit dependency on target 'GoogleUtilities-Environment' in project 'GoogleUtilities'
        ➜ Explicit dependency on target 'GoogleUtilities_GoogleUtilities-Environment' in project 'GoogleUtilities'
        ➜ Explicit dependency on target 'third-party-IsAppEncrypted' in project 'GoogleUtilities'
    Target 'GoogleUtilities-Environment' in project 'GoogleUtilities'
        ➜ Explicit dependency on target 'GoogleUtilities_GoogleUtilities-Environment' in project 'GoogleUtilities'
        ➜ Explicit dependency on target 'third-party-IsAppEncrypted' in project 'GoogleUtilities'
    Target 'third-party-IsAppEncrypted' in project 'GoogleUtilities' (no dependencies)
    Target 'GoogleUtilities_GoogleUtilities-Environment' in project 'GoogleUtilities' (no dependencies)
    Target 'FBLPromises' in project 'Promises'
        ➜ Explicit dependency on target 'FBLPromises' in project 'Promises'
        ➜ Explicit dependency on target 'Promises_FBLPromises' in project 'Promises'
    Target 'FBLPromises' in project 'Promises'
        ➜ Explicit dependency on target 'Promises_FBLPromises' in project 'Promises'
    Target 'Promises_FBLPromises' in project 'Promises' (no dependencies)
    Target 'AppAuthCore' in project 'AppAuth'
        ➜ Explicit dependency on target 'AppAuthCore' in project 'AppAuth'
        ➜ Explicit dependency on target 'AppAuth_AppAuthCore' in project 'AppAuth'
    Target 'AppAuth' in project 'AppAuth'
        ➜ Explicit dependency on target 'AppAuth' in project 'AppAuth'
        ➜ Explicit dependency on target 'AppAuth_AppAuth' in project 'AppAuth'
        ➜ Explicit dependency on target 'AppAuthCore' in project 'AppAuth'
    Target 'AppAuth' in project 'AppAuth'
        ➜ Explicit dependency on target 'AppAuth_AppAuth' in project 'AppAuth'
        ➜ Explicit dependency on target 'AppAuthCore' in project 'AppAuth'
    Target 'AppAuthCore' in project 'AppAuth'
        ➜ Explicit dependency on target 'AppAuth_AppAuthCore' in project 'AppAuth'
    Target 'AppAuth_AppAuthCore' in project 'AppAuth' (no dependencies)
    Target 'AppAuth_AppAuth' in project 'AppAuth' (no dependencies)
    Target 'GoogleSignIn_GoogleSignIn' in project 'GoogleSignIn' (no dependencies)

GatherProvisioningInputs

CreateBuildDescription

ExecuteExternalTool /Applications/Xcode.app/Contents/Developer/Toolchains/XcodeDefault.xctoolchain/usr/bin/clang -v -E -dM -arch arm64 -isysroot /Applications/Xcode.app/Contents/Developer/Platforms/iPhoneSimulator.platform/Developer/SDKs/iPhoneSimulator26.0.sdk -x objective-c -c /dev/null

ExecuteExternalTool /Applications/Xcode.app/Contents/Developer/Toolchains/XcodeDefault.xctoolchain/usr/bin/swiftc --version

ExecuteExternalTool /Applications/Xcode.app/Contents/Developer/Toolchains/XcodeDefault.xctoolchain/usr/bin/clang -v -E -dM -isysroot /Applications/Xcode.app/Contents/Developer/Platforms/iPhoneSimulator.platform/Developer/SDKs/iPhoneSimulator26.0.sdk -x c -c /dev/null

ExecuteExternalTool /Applications/Xcode.app/Contents/Developer/usr/bin/momc --dry-run --action generate --swift-version 5.0 --sdkroot /Applications/Xcode.app/Contents/Developer/Platforms/iPhoneSimulator.platform/Developer/SDKs/iPhoneSimulator26.0.sdk --iphonesimulator-deployment-target 26.0 --module Marilena /Users/mariomoschetta/Downloads/Marilena/Marilena/Marilena.xcdatamodeld /Users/mariomoschetta/Downloads/Marilena/DerivedData/Build/Intermediates.noindex/Marilena.build/Debug-iphonesimulator/Marilena.build/DerivedSources/CoreDataGenerated/Marilena

ExecuteExternalTool /Applications/Xcode.app/Contents/Developer/usr/bin/actool --print-asset-tag-combinations --output-format xml1 /Users/mariomoschetta/Downloads/Marilena/Marilena/Assets.xcassets

ExecuteExternalTool /Applications/Xcode.app/Contents/Developer/Toolchains/XcodeDefault.xctoolchain/usr/bin/clang -v -E -dM -arch arm64 -isysroot /Applications/Xcode.app/Contents/Developer/Platforms/iPhoneSimulator.platform/Developer/SDKs/iPhoneSimulator26.0.sdk -x c -c /dev/null

ExecuteExternalTool /Applications/Xcode.app/Contents/Developer/usr/bin/actool --version --output-format xml1

ExecuteExternalTool /Applications/Xcode.app/Contents/Developer/Toolchains/XcodeDefault.xctoolchain/usr/bin/ld -version_details

Build description signature: 0c6298ba10a5bb5db6f4c87fc9c07928
Build description path: /Users/mariomoschetta/Downloads/Marilena/DerivedData/Build/Intermediates.noindex/XCBuildData/0c6298ba10a5bb5db6f4c87fc9c07928.xcbuilddata
ClangStatCache /Applications/Xcode.app/Contents/Developer/Toolchains/XcodeDefault.xctoolchain/usr/bin/clang-stat-cache /Applications/Xcode.app/Contents/Developer/Platforms/iPhoneSimulator.platform/Developer/SDKs/iPhoneSimulator26.0.sdk /Users/mariomoschetta/Downloads/Marilena/DerivedData/SDKStatCaches.noindex/iphonesimulator26.0-23A337-26257891a6c027eb51374368541b8346.sdkstatcache
    cd /Users/mariomoschetta/Downloads/Marilena/Marilena.xcodeproj
    /Applications/Xcode.app/Contents/Developer/Toolchains/XcodeDefault.xctoolchain/usr/bin/clang-stat-cache /Applications/Xcode.app/Contents/Developer/Platforms/iPhoneSimulator.platform/Developer/SDKs/iPhoneSimulator26.0.sdk -o /Users/mariomoschetta/Downloads/Marilena/DerivedData/SDKStatCaches.noindex/iphonesimulator26.0-23A337-26257891a6c027eb51374368541b8346.sdkstatcache

ProcessInfoPlistFile /Users/mariomoschetta/Downloads/Marilena/DerivedData/Build/Products/Debug-iphonesimulator/Promises_FBLPromises.bundle/Info.plist /Users/mariomoschetta/Downloads/Marilena/DerivedData/Build/Intermediates.noindex/Promises.build/Debug-iphonesimulator/Promises_FBLPromises.build/empty-Promises_FBLPromises.plist (in target 'Promises_FBLPromises' from project 'Promises')
    cd /Users/mariomoschetta/Downloads/Marilena/DerivedData/SourcePackages/checkouts/promises
    builtin-infoPlistUtility /Users/mariomoschetta/Downloads/Marilena/DerivedData/Build/Intermediates.noindex/Promises.build/Debug-iphonesimulator/Promises_FBLPromises.build/empty-Promises_FBLPromises.plist -producttype com.apple.product-type.bundle -expandbuildsettings -format binary -platform iphonesimulator -o /Users/mariomoschetta/Downloads/Marilena/DerivedData/Build/Products/Debug-iphonesimulator/Promises_FBLPromises.bundle/Info.plist

ProcessInfoPlistFile /Users/mariomoschetta/Downloads/Marilena/DerivedData/Build/Products/Debug-iphonesimulator/GoogleUtilities_GoogleUtilities-UserDefaults.bundle/Info.plist /Users/mariomoschetta/Downloads/Marilena/DerivedData/Build/Intermediates.noindex/GoogleUtilities.build/Debug-iphonesimulator/GoogleUtilities_GoogleUtilities-UserDefaults.build/empty-GoogleUtilities_GoogleUtilities-UserDefaults.plist (in target 'GoogleUtilities_GoogleUtilities-UserDefaults' from project 'GoogleUtilities')
    cd /Users/mariomoschetta/Downloads/Marilena/DerivedData/SourcePackages/checkouts/GoogleUtilities
    builtin-infoPlistUtility /Users/mariomoschetta/Downloads/Marilena/DerivedData/Build/Intermediates.noindex/GoogleUtilities.build/Debug-iphonesimulator/GoogleUtilities_GoogleUtilities-UserDefaults.build/empty-GoogleUtilities_GoogleUtilities-UserDefaults.plist -producttype com.apple.product-type.bundle -expandbuildsettings -format binary -platform iphonesimulator -o /Users/mariomoschetta/Downloads/Marilena/DerivedData/Build/Products/Debug-iphonesimulator/GoogleUtilities_GoogleUtilities-UserDefaults.bundle/Info.plist

ProcessInfoPlistFile /Users/mariomoschetta/Downloads/Marilena/DerivedData/Build/Products/Debug-iphonesimulator/GoogleUtilities_GoogleUtilities-Logger.bundle/Info.plist /Users/mariomoschetta/Downloads/Marilena/DerivedData/Build/Intermediates.noindex/GoogleUtilities.build/Debug-iphonesimulator/GoogleUtilities_GoogleUtilities-Logger.build/empty-GoogleUtilities_GoogleUtilities-Logger.plist (in target 'GoogleUtilities_GoogleUtilities-Logger' from project 'GoogleUtilities')
    cd /Users/mariomoschetta/Downloads/Marilena/DerivedData/SourcePackages/checkouts/GoogleUtilities
    builtin-infoPlistUtility /Users/mariomoschetta/Downloads/Marilena/DerivedData/Build/Intermediates.noindex/GoogleUtilities.build/Debug-iphonesimulator/GoogleUtilities_GoogleUtilities-Logger.build/empty-GoogleUtilities_GoogleUtilities-Logger.plist -producttype com.apple.product-type.bundle -expandbuildsettings -format binary -platform iphonesimulator -o /Users/mariomoschetta/Downloads/Marilena/DerivedData/Build/Products/Debug-iphonesimulator/GoogleUtilities_GoogleUtilities-Logger.bundle/Info.plist

ProcessInfoPlistFile /Users/mariomoschetta/Downloads/Marilena/DerivedData/Build/Products/Debug-iphonesimulator/GoogleSignIn_GoogleSignInSwift.bundle/Info.plist /Users/mariomoschetta/Downloads/Marilena/DerivedData/Build/Intermediates.noindex/GoogleSignIn.build/Debug-iphonesimulator/GoogleSignIn_GoogleSignInSwift.build/empty-GoogleSignIn_GoogleSignInSwift.plist (in target 'GoogleSignIn_GoogleSignInSwift' from project 'GoogleSignIn')
    cd /Users/mariomoschetta/Downloads/Marilena/DerivedData/SourcePackages/checkouts/GoogleSignIn-iOS
    builtin-infoPlistUtility /Users/mariomoschetta/Downloads/Marilena/DerivedData/Build/Intermediates.noindex/GoogleSignIn.build/Debug-iphonesimulator/GoogleSignIn_GoogleSignInSwift.build/empty-GoogleSignIn_GoogleSignInSwift.plist -producttype com.apple.product-type.bundle -expandbuildsettings -format binary -platform iphonesimulator -o /Users/mariomoschetta/Downloads/Marilena/DerivedData/Build/Products/Debug-iphonesimulator/GoogleSignIn_GoogleSignInSwift.bundle/Info.plist

ProcessInfoPlistFile /Users/mariomoschetta/Downloads/Marilena/DerivedData/Build/Products/Debug-iphonesimulator/GoogleSignIn_GoogleSignIn.bundle/Info.plist /Users/mariomoschetta/Downloads/Marilena/DerivedData/Build/Intermediates.noindex/GoogleSignIn.build/Debug-iphonesimulator/GoogleSignIn_GoogleSignIn.build/empty-GoogleSignIn_GoogleSignIn.plist (in target 'GoogleSignIn_GoogleSignIn' from project 'GoogleSignIn')
    cd /Users/mariomoschetta/Downloads/Marilena/DerivedData/SourcePackages/checkouts/GoogleSignIn-iOS
    builtin-infoPlistUtility /Users/mariomoschetta/Downloads/Marilena/DerivedData/Build/Intermediates.noindex/GoogleSignIn.build/Debug-iphonesimulator/GoogleSignIn_GoogleSignIn.build/empty-GoogleSignIn_GoogleSignIn.plist -producttype com.apple.product-type.bundle -expandbuildsettings -format binary -platform iphonesimulator -o /Users/mariomoschetta/Downloads/Marilena/DerivedData/Build/Products/Debug-iphonesimulator/GoogleSignIn_GoogleSignIn.bundle/Info.plist

ProcessInfoPlistFile /Users/mariomoschetta/Downloads/Marilena/DerivedData/Build/Products/Debug-iphonesimulator/GTMSessionFetcher_GTMSessionFetcherCore.bundle/Info.plist /Users/mariomoschetta/Downloads/Marilena/DerivedData/Build/Intermediates.noindex/GTMSessionFetcher.build/Debug-iphonesimulator/GTMSessionFetcher_GTMSessionFetcherCore.build/empty-GTMSessionFetcher_GTMSessionFetcherCore.plist (in target 'GTMSessionFetcher_GTMSessionFetcherCore' from project 'GTMSessionFetcher')
    cd /Users/mariomoschetta/Downloads/Marilena/DerivedData/SourcePackages/checkouts/gtm-session-fetcher
    builtin-infoPlistUtility /Users/mariomoschetta/Downloads/Marilena/DerivedData/Build/Intermediates.noindex/GTMSessionFetcher.build/Debug-iphonesimulator/GTMSessionFetcher_GTMSessionFetcherCore.build/empty-GTMSessionFetcher_GTMSessionFetcherCore.plist -producttype com.apple.product-type.bundle -expandbuildsettings -format binary -platform iphonesimulator -o /Users/mariomoschetta/Downloads/Marilena/DerivedData/Build/Products/Debug-iphonesimulator/GTMSessionFetcher_GTMSessionFetcherCore.bundle/Info.plist

ProcessInfoPlistFile /Users/mariomoschetta/Downloads/Marilena/DerivedData/Build/Products/Debug-iphonesimulator/GTMAppAuth_GTMAppAuth.bundle/Info.plist /Users/mariomoschetta/Downloads/Marilena/DerivedData/Build/Intermediates.noindex/GTMAppAuth.build/Debug-iphonesimulator/GTMAppAuth_GTMAppAuth.build/empty-GTMAppAuth_GTMAppAuth.plist (in target 'GTMAppAuth_GTMAppAuth' from project 'GTMAppAuth')
    cd /Users/mariomoschetta/Downloads/Marilena/DerivedData/SourcePackages/checkouts/GTMAppAuth
    builtin-infoPlistUtility /Users/mariomoschetta/Downloads/Marilena/DerivedData/Build/Intermediates.noindex/GTMAppAuth.build/Debug-iphonesimulator/GTMAppAuth_GTMAppAuth.build/empty-GTMAppAuth_GTMAppAuth.plist -producttype com.apple.product-type.bundle -expandbuildsettings -format binary -platform iphonesimulator -o /Users/mariomoschetta/Downloads/Marilena/DerivedData/Build/Products/Debug-iphonesimulator/GTMAppAuth_GTMAppAuth.bundle/Info.plist

ProcessInfoPlistFile /Users/mariomoschetta/Downloads/Marilena/DerivedData/Build/Products/Debug-iphonesimulator/GoogleUtilities_GoogleUtilities-Environment.bundle/Info.plist /Users/mariomoschetta/Downloads/Marilena/DerivedData/Build/Intermediates.noindex/GoogleUtilities.build/Debug-iphonesimulator/GoogleUtilities_GoogleUtilities-Environment.build/empty-GoogleUtilities_GoogleUtilities-Environment.plist (in target 'GoogleUtilities_GoogleUtilities-Environment' from project 'GoogleUtilities')
    cd /Users/mariomoschetta/Downloads/Marilena/DerivedData/SourcePackages/checkouts/GoogleUtilities
    builtin-infoPlistUtility /Users/mariomoschetta/Downloads/Marilena/DerivedData/Build/Intermediates.noindex/GoogleUtilities.build/Debug-iphonesimulator/GoogleUtilities_GoogleUtilities-Environment.build/empty-GoogleUtilities_GoogleUtilities-Environment.plist -producttype com.apple.product-type.bundle -expandbuildsettings -format binary -platform iphonesimulator -o /Users/mariomoschetta/Downloads/Marilena/DerivedData/Build/Products/Debug-iphonesimulator/GoogleUtilities_GoogleUtilities-Environment.bundle/Info.plist

ProcessInfoPlistFile /Users/mariomoschetta/Downloads/Marilena/DerivedData/Build/Products/Debug-iphonesimulator/AppAuth_AppAuthCore.bundle/Info.plist /Users/mariomoschetta/Downloads/Marilena/DerivedData/Build/Intermediates.noindex/AppAuth.build/Debug-iphonesimulator/AppAuth_AppAuthCore.build/empty-AppAuth_AppAuthCore.plist (in target 'AppAuth_AppAuthCore' from project 'AppAuth')
    cd /Users/mariomoschetta/Downloads/Marilena/DerivedData/SourcePackages/checkouts/AppAuth-iOS
    builtin-infoPlistUtility /Users/mariomoschetta/Downloads/Marilena/DerivedData/Build/Intermediates.noindex/AppAuth.build/Debug-iphonesimulator/AppAuth_AppAuthCore.build/empty-AppAuth_AppAuthCore.plist -producttype com.apple.product-type.bundle -expandbuildsettings -format binary -platform iphonesimulator -o /Users/mariomoschetta/Downloads/Marilena/DerivedData/Build/Products/Debug-iphonesimulator/AppAuth_AppAuthCore.bundle/Info.plist

ProcessInfoPlistFile /Users/mariomoschetta/Downloads/Marilena/DerivedData/Build/Products/Debug-iphonesimulator/AppAuth_AppAuth.bundle/Info.plist /Users/mariomoschetta/Downloads/Marilena/DerivedData/Build/Intermediates.noindex/AppAuth.build/Debug-iphonesimulator/AppAuth_AppAuth.build/empty-AppAuth_AppAuth.plist (in target 'AppAuth_AppAuth' from project 'AppAuth')
    cd /Users/mariomoschetta/Downloads/Marilena/DerivedData/SourcePackages/checkouts/AppAuth-iOS
    builtin-infoPlistUtility /Users/mariomoschetta/Downloads/Marilena/DerivedData/Build/Intermediates.noindex/AppAuth.build/Debug-iphonesimulator/AppAuth_AppAuth.build/empty-AppAuth_AppAuth.plist -producttype com.apple.product-type.bundle -expandbuildsettings -format binary -platform iphonesimulator -o /Users/mariomoschetta/Downloads/Marilena/DerivedData/Build/Products/Debug-iphonesimulator/AppAuth_AppAuth.bundle/Info.plist

SwiftDriver Marilena normal arm64 com.apple.xcode.tools.swift.compiler (in target 'Marilena' from project 'Marilena')
    cd /Users/mariomoschetta/Downloads/Marilena
    builtin-SwiftDriver -- /Applications/Xcode.app/Contents/Developer/Toolchains/XcodeDefault.xctoolchain/usr/bin/swiftc -module-name Marilena -Onone -enforce-exclusivity\=checked @/Users/mariomoschetta/Downloads/Marilena/DerivedData/Build/Intermediates.noindex/Marilena.build/Debug-iphonesimulator/Marilena.build/Objects-normal/arm64/Marilena.SwiftFileList -DDEBUG -Xcc -fmodule-map-file\=/Users/mariomoschetta/Downloads/Marilena/DerivedData/Build/Intermediates.noindex/GeneratedModuleMaps-iphonesimulator/AppAuth.modulemap -Xcc -fmodule-map-file\=/Users/mariomoschetta/Downloads/Marilena/DerivedData/Build/Intermediates.noindex/GeneratedModuleMaps-iphonesimulator/AppAuthCore.modulemap -Xcc -fmodule-map-file\=/Users/mariomoschetta/Downloads/Marilena/DerivedData/Build/Intermediates.noindex/GeneratedModuleMaps-iphonesimulator/GoogleUtilities-Logger.modulemap -Xcc -fmodule-map-file\=/Users/mariomoschetta/Downloads/Marilena/DerivedData/Build/Intermediates.noindex/GeneratedModuleMaps-iphonesimulator/GoogleUtilities-Environment.modulemap -Xcc -fmodule-map-file\=/Users/mariomoschetta/Downloads/Marilena/DerivedData/Build/Intermediates.noindex/GeneratedModuleMaps-iphonesimulator/third-party-IsAppEncrypted.modulemap -Xcc -fmodule-map-file\=/Users/mariomoschetta/Downloads/Marilena/DerivedData/Build/Intermediates.noindex/GeneratedModuleMaps-iphonesimulator/GoogleUtilities-UserDefaults.modulemap -Xcc -fmodule-map-file\=/Users/mariomoschetta/Downloads/Marilena/DerivedData/Build/Intermediates.noindex/GeneratedModuleMaps-iphonesimulator/AppCheckCore.modulemap -Xcc -fmodule-map-file\=/Users/mariomoschetta/Downloads/Marilena/DerivedData/Build/Intermediates.noindex/GeneratedModuleMaps-iphonesimulator/GTMSessionFetcherCore.modulemap -Xcc -fmodule-map-file\=/Users/mariomoschetta/Downloads/Marilena/DerivedData/Build/Intermediates.noindex/GeneratedModuleMaps-iphonesimulator/GoogleSignIn.modulemap -default-isolation\=MainActor -enable-bare-slash-regex -enable-upcoming-feature DisableOutwardActorInference -enable-upcoming-feature InferSendableFromCaptures -enable-upcoming-feature GlobalActorIsolatedTypesUsability -enable-upcoming-feature MemberImportVisibility -enable-upcoming-feature InferIsolatedConformances -enable-upcoming-feature NonisolatedNonsendingByDefault -enable-experimental-feature DebugDescriptionMacro -sdk /Applications/Xcode.app/Contents/Developer/Platforms/iPhoneSimulator.platform/Developer/SDKs/iPhoneSimulator26.0.sdk -target arm64-apple-ios26.0-simulator -g -module-cache-path /Users/mariomoschetta/Downloads/Marilena/DerivedData/ModuleCache.noindex -Xfrontend -serialize-debugging-options -profile-coverage-mapping -profile-generate -enable-testing -index-store-path /Users/mariomoschetta/Downloads/Marilena/DerivedData/Index.noindex/DataStore -Xcc -D_LIBCPP_HARDENING_MODE\=_LIBCPP_HARDENING_MODE_DEBUG -swift-version 5 -I /Users/mariomoschetta/Downloads/Marilena/DerivedData/Build/Products/Debug-iphonesimulator -F /Users/mariomoschetta/Downloads/Marilena/DerivedData/Build/Products/Debug-iphonesimulator/PackageFrameworks -F /Users/mariomoschetta/Downloads/Marilena/DerivedData/Build/Products/Debug-iphonesimulator/PackageFrameworks -F /Users/mariomoschetta/Downloads/Marilena/DerivedData/Build/Products/Debug-iphonesimulator/PackageFrameworks -F /Users/mariomoschetta/Downloads/Marilena/DerivedData/Build/Products/Debug-iphonesimulator/PackageFrameworks -F /Users/mariomoschetta/Downloads/Marilena/DerivedData/Build/Products/Debug-iphonesimulator/PackageFrameworks -F /Users/mariomoschetta/Downloads/Marilena/DerivedData/Build/Products/Debug-iphonesimulator/PackageFrameworks -F /Users/mariomoschetta/Downloads/Marilena/DerivedData/Build/Products/Debug-iphonesimulator/PackageFrameworks -F /Users/mariomoschetta/Downloads/Marilena/DerivedData/Build/Products/Debug-iphonesimulator/PackageFrameworks -F /Users/mariomoschetta/Downloads/Marilena/DerivedData/Build/Products/Debug-iphonesimulator/PackageFrameworks -F /Users/mariomoschetta/Downloads/Marilena/DerivedData/Build/Products/Debug-iphonesimulator/PackageFrameworks -F /Users/mariomoschetta/Downloads/Marilena/DerivedData/Build/Products/Debug-iphonesimulator/PackageFrameworks -F /Users/mariomoschetta/Downloads/Marilena/DerivedData/Build/Products/Debug-iphonesimulator/PackageFrameworks -F /Users/mariomoschetta/Downloads/Marilena/DerivedData/Build/Products/Debug-iphonesimulator -emit-localized-strings -emit-localized-strings-path /Users/mariomoschetta/Downloads/Marilena/DerivedData/Build/Intermediates.noindex/Marilena.build/Debug-iphonesimulator/Marilena.build/Objects-normal/arm64 -c -j10 -enable-batch-mode -incremental -Xcc -ivfsstatcache -Xcc /Users/mariomoschetta/Downloads/Marilena/DerivedData/SDKStatCaches.noindex/iphonesimulator26.0-23A337-26257891a6c027eb51374368541b8346.sdkstatcache -output-file-map /Users/mariomoschetta/Downloads/Marilena/DerivedData/Build/Intermediates.noindex/Marilena.build/Debug-iphonesimulator/Marilena.build/Objects-normal/arm64/Marilena-OutputFileMap.json -use-frontend-parseable-output -save-temps -no-color-diagnostics -explicit-module-build -module-cache-path /Users/mariomoschetta/Downloads/Marilena/DerivedData/Build/Intermediates.noindex/SwiftExplicitPrecompiledModules -clang-scanner-module-cache-path /Users/mariomoschetta/Downloads/Marilena/DerivedData/ModuleCache.noindex -sdk-module-cache-path /Users/mariomoschetta/Downloads/Marilena/DerivedData/ModuleCache.noindex -serialize-diagnostics -emit-dependencies -emit-module -emit-module-path /Users/mariomoschetta/Downloads/Marilena/DerivedData/Build/Intermediates.noindex/Marilena.build/Debug-iphonesimulator/Marilena.build/Objects-normal/arm64/Marilena.swiftmodule -validate-clang-modules-once -clang-build-session-file /Users/mariomoschetta/Downloads/Marilena/DerivedData/ModuleCache.noindex/Session.modulevalidation -Xcc -I/Users/mariomoschetta/Downloads/Marilena/DerivedData/Build/Intermediates.noindex/Marilena.build/Debug-iphonesimulator/Marilena.build/swift-overrides.hmap -emit-const-values -Xfrontend -const-gather-protocols-file -Xfrontend /Users/mariomoschetta/Downloads/Marilena/DerivedData/Build/Intermediates.noindex/Marilena.build/Debug-iphonesimulator/Marilena.build/Objects-normal/arm64/Marilena_const_extract_protocols.json -Xcc -iquote -Xcc /Users/mariomoschetta/Downloads/Marilena/DerivedData/Build/Intermediates.noindex/Marilena.build/Debug-iphonesimulator/Marilena.build/Marilena-generated-files.hmap -Xcc -I/Users/mariomoschetta/Downloads/Marilena/DerivedData/Build/Intermediates.noindex/Marilena.build/Debug-iphonesimulator/Marilena.build/Marilena-own-target-headers.hmap -Xcc -I/Users/mariomoschetta/Downloads/Marilena/DerivedData/Build/Intermediates.noindex/Marilena.build/Debug-iphonesimulator/Marilena.build/Marilena-all-non-framework-target-headers.hmap -Xcc -ivfsoverlay -Xcc /Users/mariomoschetta/Downloads/Marilena/DerivedData/Build/Intermediates.noindex/Marilena.build/Debug-iphonesimulator/Marilena-97d9d17465d2c92c804a06e885683b02-VFS-iphonesimulator/all-product-headers.yaml -Xcc -iquote -Xcc /Users/mariomoschetta/Downloads/Marilena/DerivedData/Build/Intermediates.noindex/Marilena.build/Debug-iphonesimulator/Marilena.build/Marilena-project-headers.hmap -Xcc -I/Users/mariomoschetta/Downloads/Marilena/DerivedData/SourcePackages/checkouts/AppAuth-iOS/Sources/AppAuth -Xcc -I/Users/mariomoschetta/Downloads/Marilena/DerivedData/SourcePackages/checkouts/AppAuth-iOS/Sources/AppAuthCore -Xcc -I/Users/mariomoschetta/Downloads/Marilena/DerivedData/SourcePackages/checkouts/promises/Sources/FBLPromises/include -Xcc -I/Users/mariomoschetta/Downloads/Marilena/DerivedData/SourcePackages/checkouts/GoogleUtilities/GoogleUtilities/Logger/Public -Xcc -I/Users/mariomoschetta/Downloads/Marilena/DerivedData/SourcePackages/checkouts/GoogleUtilities/GoogleUtilities/Environment/Public -Xcc -I/Users/mariomoschetta/Downloads/Marilena/DerivedData/SourcePackages/checkouts/GoogleUtilities/third_party/IsAppEncrypted/Public -Xcc -I/Users/mariomoschetta/Downloads/Marilena/DerivedData/SourcePackages/checkouts/GoogleUtilities/GoogleUtilities/UserDefaults/Public -Xcc -I/Users/mariomoschetta/Downloads/Marilena/DerivedData/SourcePackages/checkouts/app-check/AppCheckCore/Sources/Public -Xcc -I/Users/mariomoschetta/Downloads/Marilena/DerivedData/SourcePackages/checkouts/gtm-session-fetcher/Sources/Core/Public -Xcc -I/Users/mariomoschetta/Downloads/Marilena/DerivedData/SourcePackages/checkouts/GoogleSignIn-iOS/GoogleSignIn/Sources/Public -Xcc -I/Users/mariomoschetta/Downloads/Marilena/DerivedData/Build/Products/Debug-iphonesimulator/include -Xcc -I/Users/mariomoschetta/Downloads/Marilena/DerivedData/Build/Intermediates.noindex/Marilena.build/Debug-iphonesimulator/Marilena.build/DerivedSources-normal/arm64 -Xcc -I/Users/mariomoschetta/Downloads/Marilena/DerivedData/Build/Intermediates.noindex/Marilena.build/Debug-iphonesimulator/Marilena.build/DerivedSources/arm64 -Xcc -I/Users/mariomoschetta/Downloads/Marilena/DerivedData/Build/Intermediates.noindex/Marilena.build/Debug-iphonesimulator/Marilena.build/DerivedSources -Xcc -DDEBUG\=1 -emit-objc-header -emit-objc-header-path /Users/mariomoschetta/Downloads/Marilena/DerivedData/Build/Intermediates.noindex/Marilena.build/Debug-iphonesimulator/Marilena.build/Objects-normal/arm64/Marilena-Swift.h -working-directory /Users/mariomoschetta/Downloads/Marilena -experimental-emit-module-separately -disable-cmo

ProcessInfoPlistFile /Users/mariomoschetta/Downloads/Marilena/DerivedData/Build/Products/Debug-iphonesimulator/Marilena.app/Info.plist /Users/mariomoschetta/Downloads/Marilena/Marilena/Info.plist (in target 'Marilena' from project 'Marilena')
    cd /Users/mariomoschetta/Downloads/Marilena
    builtin-infoPlistUtility /Users/mariomoschetta/Downloads/Marilena/Marilena/Info.plist -producttype com.apple.product-type.application -genpkginfo /Users/mariomoschetta/Downloads/Marilena/DerivedData/Build/Products/Debug-iphonesimulator/Marilena.app/PkgInfo -expandbuildsettings -format binary -platform iphonesimulator -additionalcontentfile /Users/mariomoschetta/Downloads/Marilena/DerivedData/Build/Intermediates.noindex/Marilena.build/Debug-iphonesimulator/Marilena.build/assetcatalog_generated_info.plist -scanforprivacyfile /Users/mariomoschetta/Downloads/Marilena/DerivedData/Build/Products/Debug-iphonesimulator/Marilena.app/AppAuth_AppAuth.bundle -scanforprivacyfile /Users/mariomoschetta/Downloads/Marilena/DerivedData/Build/Products/Debug-iphonesimulator/Marilena.app/AppAuth_AppAuthCore.bundle -scanforprivacyfile /Users/mariomoschetta/Downloads/Marilena/DerivedData/Build/Products/Debug-iphonesimulator/Marilena.app/GTMAppAuth_GTMAppAuth.bundle -scanforprivacyfile /Users/mariomoschetta/Downloads/Marilena/DerivedData/Build/Products/Debug-iphonesimulator/Marilena.app/GTMSessionFetcher_GTMSessionFetcherCore.bundle -scanforprivacyfile /Users/mariomoschetta/Downloads/Marilena/DerivedData/Build/Products/Debug-iphonesimulator/Marilena.app/GoogleSignIn_GoogleSignIn.bundle -scanforprivacyfile /Users/mariomoschetta/Downloads/Marilena/DerivedData/Build/Products/Debug-iphonesimulator/Marilena.app/GoogleSignIn_GoogleSignInSwift.bundle -scanforprivacyfile /Users/mariomoschetta/Downloads/Marilena/DerivedData/Build/Products/Debug-iphonesimulator/Marilena.app/GoogleUtilities_GoogleUtilities-Environment.bundle -scanforprivacyfile /Users/mariomoschetta/Downloads/Marilena/DerivedData/Build/Products/Debug-iphonesimulator/Marilena.app/GoogleUtilities_GoogleUtilities-Logger.bundle -scanforprivacyfile /Users/mariomoschetta/Downloads/Marilena/DerivedData/Build/Products/Debug-iphonesimulator/Marilena.app/GoogleUtilities_GoogleUtilities-UserDefaults.bundle -scanforprivacyfile /Users/mariomoschetta/Downloads/Marilena/DerivedData/Build/Products/Debug-iphonesimulator/Marilena.app/Promises_FBLPromises.bundle -o /Users/mariomoschetta/Downloads/Marilena/DerivedData/Build/Products/Debug-iphonesimulator/Marilena.app/Info.plist

SwiftCompile normal arm64 Compiling\ CalendarModels.swift,\ CalendarPreferences.swift,\ CalendarServiceFactory.swift,\ CalendarServiceProtocol.swift,\ EventKitCalendarService.swift,\ GoogleCalendarService.swift,\ MicrosoftGraphCalendarService.swift,\ AIModelCapabilities.swift,\ AIModelCatalog.swift,\ AIModelConfiguration.swift,\ AIModelProvider.swift,\ AIModelTypes.swift,\ ConfigurationManager.swift,\ ConfigurationTypes.swift,\ DateHelper.swift,\ CRMAnalytics.swift,\ ChatService.swift,\ CRMDataService.swift,\ ProfiloUtenteService.swift,\ EmailChatServiceProtocol.swift,\ ServiceContainer.swift /Users/mariomoschetta/Downloads/Marilena/Marilena/Core/Calendar/CalendarModels.swift /Users/mariomoschetta/Downloads/Marilena/Marilena/Core/Calendar/CalendarPreferences.swift /Users/mariomoschetta/Downloads/Marilena/Marilena/Core/Calendar/CalendarServiceFactory.swift /Users/mariomoschetta/Downloads/Marilena/Marilena/Core/Calendar/CalendarServiceProtocol.swift /Users/mariomoschetta/Downloads/Marilena/Marilena/Core/Calendar/EventKitCalendarService.swift /Users/mariomoschetta/Downloads/Marilena/Marilena/Core/Calendar/GoogleCalendarService.swift /Users/mariomoschetta/Downloads/Marilena/Marilena/Core/Calendar/MicrosoftGraphCalendarService.swift /Users/mariomoschetta/Downloads/Marilena/Marilena/Core/Configuration/AIModelCapabilities.swift /Users/mariomoschetta/Downloads/Marilena/Marilena/Core/Configuration/AIModelCatalog.swift /Users/mariomoschetta/Downloads/Marilena/Marilena/Core/Configuration/AIModelConfiguration.swift /Users/mariomoschetta/Downloads/Marilena/Marilena/Core/Configuration/AIModelProvider.swift /Users/mariomoschetta/Downloads/Marilena/Marilena/Core/Configuration/AIModelTypes.swift /Users/mariomoschetta/Downloads/Marilena/Marilena/Core/Configuration/ConfigurationManager.swift /Users/mariomoschetta/Downloads/Marilena/Marilena/Core/Configuration/ConfigurationTypes.swift /Users/mariomoschetta/Downloads/Marilena/Marilena/Core/Configuration/DateHelper.swift /Users/mariomoschetta/Downloads/Marilena/Marilena/Core/Data/Models/CRMAnalytics.swift /Users/mariomoschetta/Downloads/Marilena/Marilena/Core/Data/Services/ChatService.swift /Users/mariomoschetta/Downloads/Marilena/Marilena/Core/Data/Services/CRMDataService.swift /Users/mariomoschetta/Downloads/Marilena/Marilena/Core/Data/Services/ProfiloUtenteService.swift /Users/mariomoschetta/Downloads/Marilena/Marilena/Core/DependencyInjection/EmailChatServiceProtocol.swift /Users/mariomoschetta/Downloads/Marilena/Marilena/Core/DependencyInjection/ServiceContainer.swift (in target 'Marilena' from project 'Marilena')

SwiftCompile normal arm64 /Users/mariomoschetta/Downloads/Marilena/Marilena/Core/Calendar/CalendarModels.swift (in target 'Marilena' from project 'Marilena')
    cd /Users/mariomoschetta/Downloads/Marilena
    

SwiftCompile normal arm64 /Users/mariomoschetta/Downloads/Marilena/Marilena/Core/Calendar/CalendarPreferences.swift (in target 'Marilena' from project 'Marilena')
    cd /Users/mariomoschetta/Downloads/Marilena
    

SwiftCompile normal arm64 /Users/mariomoschetta/Downloads/Marilena/Marilena/Core/Calendar/CalendarServiceFactory.swift (in target 'Marilena' from project 'Marilena')
    cd /Users/mariomoschetta/Downloads/Marilena
    

SwiftCompile normal arm64 /Users/mariomoschetta/Downloads/Marilena/Marilena/Core/Calendar/CalendarServiceProtocol.swift (in target 'Marilena' from project 'Marilena')
    cd /Users/mariomoschetta/Downloads/Marilena
    

SwiftCompile normal arm64 /Users/mariomoschetta/Downloads/Marilena/Marilena/Core/Calendar/EventKitCalendarService.swift (in target 'Marilena' from project 'Marilena')
    cd /Users/mariomoschetta/Downloads/Marilena
    

SwiftCompile normal arm64 /Users/mariomoschetta/Downloads/Marilena/Marilena/Core/Calendar/GoogleCalendarService.swift (in target 'Marilena' from project 'Marilena')
    cd /Users/mariomoschetta/Downloads/Marilena
    

SwiftCompile normal arm64 /Users/mariomoschetta/Downloads/Marilena/Marilena/Core/Calendar/MicrosoftGraphCalendarService.swift (in target 'Marilena' from project 'Marilena')
    cd /Users/mariomoschetta/Downloads/Marilena
    

SwiftCompile normal arm64 /Users/mariomoschetta/Downloads/Marilena/Marilena/Core/Configuration/AIModelCapabilities.swift (in target 'Marilena' from project 'Marilena')
    cd /Users/mariomoschetta/Downloads/Marilena
    

SwiftCompile normal arm64 /Users/mariomoschetta/Downloads/Marilena/Marilena/Core/Configuration/AIModelCatalog.swift (in target 'Marilena' from project 'Marilena')
    cd /Users/mariomoschetta/Downloads/Marilena
    

SwiftCompile normal arm64 /Users/mariomoschetta/Downloads/Marilena/Marilena/Core/Configuration/AIModelConfiguration.swift (in target 'Marilena' from project 'Marilena')
    cd /Users/mariomoschetta/Downloads/Marilena
    

SwiftCompile normal arm64 /Users/mariomoschetta/Downloads/Marilena/Marilena/Core/Configuration/AIModelProvider.swift (in target 'Marilena' from project 'Marilena')
    cd /Users/mariomoschetta/Downloads/Marilena
    

SwiftCompile normal arm64 /Users/mariomoschetta/Downloads/Marilena/Marilena/Core/Configuration/AIModelTypes.swift (in target 'Marilena' from project 'Marilena')
    cd /Users/mariomoschetta/Downloads/Marilena
    

SwiftCompile normal arm64 /Users/mariomoschetta/Downloads/Marilena/Marilena/Core/Configuration/ConfigurationManager.swift (in target 'Marilena' from project 'Marilena')
    cd /Users/mariomoschetta/Downloads/Marilena
    

SwiftCompile normal arm64 /Users/mariomoschetta/Downloads/Marilena/Marilena/Core/Configuration/ConfigurationTypes.swift (in target 'Marilena' from project 'Marilena')
    cd /Users/mariomoschetta/Downloads/Marilena
    

SwiftCompile normal arm64 /Users/mariomoschetta/Downloads/Marilena/Marilena/Core/Configuration/DateHelper.swift (in target 'Marilena' from project 'Marilena')
    cd /Users/mariomoschetta/Downloads/Marilena
    

SwiftCompile normal arm64 /Users/mariomoschetta/Downloads/Marilena/Marilena/Core/Data/Models/CRMAnalytics.swift (in target 'Marilena' from project 'Marilena')
    cd /Users/mariomoschetta/Downloads/Marilena
    

SwiftCompile normal arm64 /Users/mariomoschetta/Downloads/Marilena/Marilena/Core/Data/Services/ChatService.swift (in target 'Marilena' from project 'Marilena')
    cd /Users/mariomoschetta/Downloads/Marilena
    

SwiftCompile normal arm64 /Users/mariomoschetta/Downloads/Marilena/Marilena/Core/Data/Services/CRMDataService.swift (in target 'Marilena' from project 'Marilena')
    cd /Users/mariomoschetta/Downloads/Marilena
    
/Users/mariomoschetta/Downloads/Marilena/Marilena/Core/Data/Services/CRMDataService.swift:54:11: warning: 'catch' block is unreachable because no errors are thrown in 'do' block
        } catch {
          ^
/Users/mariomoschetta/Downloads/Marilena/Marilena/Core/Data/Services/CRMDataService.swift:101:43: warning: call to main actor-isolated instance method 'extractEmailAddress(from:)' in a synchronous nonisolated context
                    let cleanEmail = self.extractEmailAddress(from: fromEmail)
                                          ^
/Users/mariomoschetta/Downloads/Marilena/Marilena/Core/Data/Services/CRMDataService.swift:204:18: note: calls to instance method 'extractEmailAddress(from:)' from outside of its actor context are implicitly asynchronous
    private func extractEmailAddress(from fullEmail: String) -> String {
                 ^
/Users/mariomoschetta/Downloads/Marilena/Marilena/Core/Data/Services/CRMDataService.swift:113:49: warning: call to main actor-isolated instance method 'categorizeEmail(subject:)' in a synchronous nonisolated context
                            let category = self.categorizeEmail(subject: subject)
                                                ^
/Users/mariomoschetta/Downloads/Marilena/Marilena/Core/Data/Services/CRMDataService.swift:243:18: note: calls to instance method 'categorizeEmail(subject:)' from outside of its actor context are implicitly asynchronous
    private func categorizeEmail(subject: String) -> String {
                 ^
/Users/mariomoschetta/Downloads/Marilena/Marilena/Core/Data/Services/CRMDataService.swift:123:48: warning: call to main actor-isolated instance method 'extractNameFromEmail' in a synchronous nonisolated context
                        let displayName = self.extractNameFromEmail(fromEmail)
                                               ^
/Users/mariomoschetta/Downloads/Marilena/Marilena/Core/Data/Services/CRMDataService.swift:212:18: note: calls to instance method 'extractNameFromEmail' from outside of its actor context are implicitly asynchronous
    private func extractNameFromEmail(_ fullEmail: String) -> String {
                 ^
/Users/mariomoschetta/Downloads/Marilena/Marilena/Core/Data/Services/CRMDataService.swift:125:45: warning: call to main actor-isolated instance method 'categorizeEmail(subject:)' in a synchronous nonisolated context
                        let category = self.categorizeEmail(subject: subject)
                                            ^
/Users/mariomoschetta/Downloads/Marilena/Marilena/Core/Data/Services/CRMDataService.swift:243:18: note: calls to instance method 'categorizeEmail(subject:)' from outside of its actor context are implicitly asynchronous
    private func categorizeEmail(subject: String) -> String {
                 ^
/Users/mariomoschetta/Downloads/Marilena/Marilena/Core/Data/Services/CRMDataService.swift:132:43: warning: call to main actor-isolated instance method 'extractCompanyFromEmail' in a synchronous nonisolated context
                            company: self.extractCompanyFromEmail(cleanEmail),
                                          ^
/Users/mariomoschetta/Downloads/Marilena/Marilena/Core/Data/Services/CRMDataService.swift:230:18: note: calls to instance method 'extractCompanyFromEmail' from outside of its actor context are implicitly asynchronous
    private func extractCompanyFromEmail(_ email: String) -> String? {
                 ^
/Users/mariomoschetta/Downloads/Marilena/Marilena/Core/Data/Services/CRMDataService.swift:136:56: warning: call to main actor-isolated instance method 'calculateRelationshipStrength(interactionCount:)' in a synchronous nonisolated context
                            relationshipStrength: self.calculateRelationshipStrength(interactionCount: 1),
                                                       ^
/Users/mariomoschetta/Downloads/Marilena/Marilena/Core/Data/Services/CRMDataService.swift:261:18: note: calls to instance method 'calculateRelationshipStrength(interactionCount:)' from outside of its actor context are implicitly asynchronous
    private func calculateRelationshipStrength(interactionCount: Int) -> CRMRelationshipStrength {
                 ^
/Users/mariomoschetta/Downloads/Marilena/Marilena/Core/Data/Services/CRMDataService.swift:143:30: warning: call to main actor-isolated instance method 'loadSavedContactDataSync(for:)' in a synchronous nonisolated context
                        self.loadSavedContactDataSync(for: &newContact)
                             ^
/Users/mariomoschetta/Downloads/Marilena/Marilena/Core/Data/Services/CRMDataService.swift:352:18: note: calls to instance method 'loadSavedContactDataSync(for:)' from outside of its actor context are implicitly asynchronous
    private func loadSavedContactDataSync(for contact: inout CRMContactReal) {
                 ^
/Users/mariomoschetta/Downloads/Marilena/Marilena/Core/Data/Services/CRMDataService.swift:316:22: warning: call to main actor-isolated instance method 'saveContactToUserDefaults(contactId:notes:tags:)' in a synchronous nonisolated context
                self.saveContactToUserDefaults(contactId: contactId, notes: notes, tags: tags)
                     ^
/Users/mariomoschetta/Downloads/Marilena/Marilena/Core/Data/Services/CRMDataService.swift:345:18: note: calls to instance method 'saveContactToUserDefaults(contactId:notes:tags:)' from outside of its actor context are implicitly asynchronous
    private func saveContactToUserDefaults(contactId: String, notes: String, tags: [String]) {
                 ^
/Users/mariomoschetta/Downloads/Marilena/Marilena/Core/Data/Services/CRMDataService.swift:498:13: warning: initialization of immutable value 'sixMonthsAgo' was never used; consider replacing with assignment to '_' or removing it
        let sixMonthsAgo = now.addingTimeInterval(-180 * 24 * 3600)
        ~~~~^~~~~~~~~~~~
        _
/Users/mariomoschetta/Downloads/Marilena/Marilena/Core/Data/Services/CRMDataService.swift:590:13: warning: initialization of immutable value 'sevenDaysAgo' was never used; consider replacing with assignment to '_' or removing it
        let sevenDaysAgo = Date().addingTimeInterval(-7 * 24 * 3600)
        ~~~~^~~~~~~~~~~~
        _

SwiftCompile normal arm64 /Users/mariomoschetta/Downloads/Marilena/Marilena/Core/Data/Services/ProfiloUtenteService.swift (in target 'Marilena' from project 'Marilena')
    cd /Users/mariomoschetta/Downloads/Marilena
    

SwiftCompile normal arm64 /Users/mariomoschetta/Downloads/Marilena/Marilena/Core/DependencyInjection/EmailChatServiceProtocol.swift (in target 'Marilena' from project 'Marilena')
    cd /Users/mariomoschetta/Downloads/Marilena
    

SwiftCompile normal arm64 /Users/mariomoschetta/Downloads/Marilena/Marilena/Core/DependencyInjection/ServiceContainer.swift (in target 'Marilena' from project 'Marilena')
    cd /Users/mariomoschetta/Downloads/Marilena
    

SwiftCompile normal arm64 Compiling\ FoundationModelsDocumentationIndex.swift,\ FoundationModelsEventParser.swift,\ AIStreamingTypes.swift,\ OpenAIResponsesClient.swift,\ ModularTranscriptionService.swift,\ ModularTranscriptionView.swift,\ TranscriptionMessage.swift,\ AICacheManager.swift,\ AICoordinator.swift,\ AIMemoryManager.swift,\ AIPerformanceMonitor.swift,\ AIServiceProtocol.swift,\ AITaskManager.swift,\ ModernOpenAIService.swift,\ ModernXAIService.swift,\ ModuleAdapter.swift,\ OpenAIModels.swift,\ ServiceFactory.swift,\ CalendarCompletionMetadata.swift,\ CalendarCompletionStore.swift,\ CalendarManager.swift /Users/mariomoschetta/Downloads/Marilena/Marilena/Core/AI/FoundationModels/FoundationModelsDocumentationIndex.swift /Users/mariomoschetta/Downloads/Marilena/Marilena/Core/AI/FoundationModels/FoundationModelsEventParser.swift /Users/mariomoschetta/Downloads/Marilena/Marilena/Core/AI/Streaming/AIStreamingTypes.swift /Users/mariomoschetta/Downloads/Marilena/Marilena/Core/AI/Streaming/OpenAIResponsesClient.swift /Users/mariomoschetta/Downloads/Marilena/Marilena/Core/AI/TranscriptionModule/ModularTranscriptionService.swift /Users/mariomoschetta/Downloads/Marilena/Marilena/Core/AI/TranscriptionModule/ModularTranscriptionView.swift /Users/mariomoschetta/Downloads/Marilena/Marilena/Core/AI/TranscriptionModule/TranscriptionMessage.swift /Users/mariomoschetta/Downloads/Marilena/Marilena/Core/AI/AICacheManager.swift /Users/mariomoschetta/Downloads/Marilena/Marilena/Core/AI/AICoordinator.swift /Users/mariomoschetta/Downloads/Marilena/Marilena/Core/AI/AIMemoryManager.swift /Users/mariomoschetta/Downloads/Marilena/Marilena/Core/AI/AIPerformanceMonitor.swift /Users/mariomoschetta/Downloads/Marilena/Marilena/Core/AI/AIServiceProtocol.swift /Users/mariomoschetta/Downloads/Marilena/Marilena/Core/AI/AITaskManager.swift /Users/mariomoschetta/Downloads/Marilena/Marilena/Core/AI/ModernOpenAIService.swift /Users/mariomoschetta/Downloads/Marilena/Marilena/Core/AI/ModernXAIService.swift /Users/mariomoschetta/Downloads/Marilena/Marilena/Core/AI/ModuleAdapter.swift /Users/mariomoschetta/Downloads/Marilena/Marilena/Core/AI/OpenAIModels.swift /Users/mariomoschetta/Downloads/Marilena/Marilena/Core/AI/ServiceFactory.swift /Users/mariomoschetta/Downloads/Marilena/Marilena/Core/Calendar/CalendarCompletionMetadata.swift /Users/mariomoschetta/Downloads/Marilena/Marilena/Core/Calendar/CalendarCompletionStore.swift /Users/mariomoschetta/Downloads/Marilena/Marilena/Core/Calendar/CalendarManager.swift (in target 'Marilena' from project 'Marilena')
SwiftCompile normal arm64 /Users/mariomoschetta/Downloads/Marilena/Marilena/Core/AI/FoundationModels/FoundationModelsDocumentationIndex.swift (in target 'Marilena' from project 'Marilena')
    cd /Users/mariomoschetta/Downloads/Marilena
    

SwiftCompile normal arm64 /Users/mariomoschetta/Downloads/Marilena/Marilena/Core/AI/FoundationModels/FoundationModelsEventParser.swift (in target 'Marilena' from project 'Marilena')
    cd /Users/mariomoschetta/Downloads/Marilena
    

SwiftCompile normal arm64 /Users/mariomoschetta/Downloads/Marilena/Marilena/Core/AI/Streaming/AIStreamingTypes.swift (in target 'Marilena' from project 'Marilena')
    cd /Users/mariomoschetta/Downloads/Marilena
    

SwiftCompile normal arm64 /Users/mariomoschetta/Downloads/Marilena/Marilena/Core/AI/Streaming/OpenAIResponsesClient.swift (in target 'Marilena' from project 'Marilena')
    cd /Users/mariomoschetta/Downloads/Marilena
    

SwiftCompile normal arm64 /Users/mariomoschetta/Downloads/Marilena/Marilena/Core/AI/TranscriptionModule/ModularTranscriptionService.swift (in target 'Marilena' from project 'Marilena')
    cd /Users/mariomoschetta/Downloads/Marilena
    

SwiftCompile normal arm64 /Users/mariomoschetta/Downloads/Marilena/Marilena/Core/AI/TranscriptionModule/ModularTranscriptionView.swift (in target 'Marilena' from project 'Marilena')
    cd /Users/mariomoschetta/Downloads/Marilena
    

SwiftCompile normal arm64 /Users/mariomoschetta/Downloads/Marilena/Marilena/Core/AI/TranscriptionModule/TranscriptionMessage.swift (in target 'Marilena' from project 'Marilena')
    cd /Users/mariomoschetta/Downloads/Marilena
    

SwiftCompile normal arm64 /Users/mariomoschetta/Downloads/Marilena/Marilena/Core/AI/AICacheManager.swift (in target 'Marilena' from project 'Marilena')
    cd /Users/mariomoschetta/Downloads/Marilena
    

SwiftCompile normal arm64 /Users/mariomoschetta/Downloads/Marilena/Marilena/Core/AI/AICoordinator.swift (in target 'Marilena' from project 'Marilena')
    cd /Users/mariomoschetta/Downloads/Marilena
    
/Users/mariomoschetta/Downloads/Marilena/Marilena/Core/AI/AICoordinator.swift:120:17: warning: reference to captured var 'self' in concurrently-executing code; this is an error in the Swift 6 language mode
                self?.performHealthCheck()
                ^

SwiftCompile normal arm64 /Users/mariomoschetta/Downloads/Marilena/Marilena/Core/AI/AIMemoryManager.swift (in target 'Marilena' from project 'Marilena')
    cd /Users/mariomoschetta/Downloads/Marilena
    
/Users/mariomoschetta/Downloads/Marilena/Marilena/Core/AI/AIMemoryManager.swift:41:17: warning: reference to captured var 'self' in concurrently-executing code; this is an error in the Swift 6 language mode
                self?.handleMemoryPressure()
                ^
/Users/mariomoschetta/Downloads/Marilena/Marilena/Core/AI/AIMemoryManager.swift:49:17: warning: reference to captured var 'self' in concurrently-executing code; this is an error in the Swift 6 language mode
                self?.updateMemoryUsage()
                ^

SwiftCompile normal arm64 /Users/mariomoschetta/Downloads/Marilena/Marilena/Core/AI/AIPerformanceMonitor.swift (in target 'Marilena' from project 'Marilena')
    cd /Users/mariomoschetta/Downloads/Marilena
    

SwiftCompile normal arm64 /Users/mariomoschetta/Downloads/Marilena/Marilena/Core/AI/AIServiceProtocol.swift (in target 'Marilena' from project 'Marilena')
    cd /Users/mariomoschetta/Downloads/Marilena
    

SwiftCompile normal arm64 /Users/mariomoschetta/Downloads/Marilena/Marilena/Core/AI/AITaskManager.swift (in target 'Marilena' from project 'Marilena')
    cd /Users/mariomoschetta/Downloads/Marilena
    
/Users/mariomoschetta/Downloads/Marilena/Marilena/Core/AI/AITaskManager.swift:41:21: warning: reference to captured var 'self' in concurrently-executing code; this is an error in the Swift 6 language mode
                    self?.processNextTask()
                    ^
/Users/mariomoschetta/Downloads/Marilena/Marilena/Core/AI/AITaskManager.swift:135:16: warning: value 'task' was defined but never used; consider replacing with boolean test
        if let task = activeTasks.first(where: { $0.id == taskId }) {
           ~~~~^~~~~~~
                                                                    != nil

SwiftCompile normal arm64 /Users/mariomoschetta/Downloads/Marilena/Marilena/Core/AI/ModernOpenAIService.swift (in target 'Marilena' from project 'Marilena')
    cd /Users/mariomoschetta/Downloads/Marilena
    

SwiftCompile normal arm64 /Users/mariomoschetta/Downloads/Marilena/Marilena/Core/AI/ModernXAIService.swift (in target 'Marilena' from project 'Marilena')
    cd /Users/mariomoschetta/Downloads/Marilena
    

SwiftCompile normal arm64 /Users/mariomoschetta/Downloads/Marilena/Marilena/Core/AI/ModuleAdapter.swift (in target 'Marilena' from project 'Marilena')
    cd /Users/mariomoschetta/Downloads/Marilena
    

SwiftCompile normal arm64 /Users/mariomoschetta/Downloads/Marilena/Marilena/Core/AI/OpenAIModels.swift (in target 'Marilena' from project 'Marilena')
    cd /Users/mariomoschetta/Downloads/Marilena
    

SwiftCompile normal arm64 /Users/mariomoschetta/Downloads/Marilena/Marilena/Core/AI/ServiceFactory.swift (in target 'Marilena' from project 'Marilena')
    cd /Users/mariomoschetta/Downloads/Marilena
    

SwiftCompile normal arm64 /Users/mariomoschetta/Downloads/Marilena/Marilena/Core/Calendar/CalendarCompletionMetadata.swift (in target 'Marilena' from project 'Marilena')
    cd /Users/mariomoschetta/Downloads/Marilena
    

SwiftCompile normal arm64 /Users/mariomoschetta/Downloads/Marilena/Marilena/Core/Calendar/CalendarCompletionStore.swift (in target 'Marilena' from project 'Marilena')
    cd /Users/mariomoschetta/Downloads/Marilena
    

SwiftCompile normal arm64 /Users/mariomoschetta/Downloads/Marilena/Marilena/Core/Calendar/CalendarManager.swift (in target 'Marilena' from project 'Marilena')
    cd /Users/mariomoschetta/Downloads/Marilena
    
/Users/mariomoschetta/Downloads/Marilena/Marilena/Core/Calendar/CalendarManager.swift:217:5: warning: '@discardableResult' declared on a function returning 'Void' is unnecessary
    @discardableResult
    ^~~~~~~~~~~~~~~~~~
    

SwiftCompile normal arm64 Compiling\ TwoFingerPanOverlay.swift,\ CacheEntry+CoreDataClass.swift,\ EmailHTMLRenderer.swift,\ NetworkService.swift,\ ThinkingManager.swift,\ AIEventCreationView.swift,\ CalendarView.swift,\ CreateEventView.swift,\ DayTimelineView.swift,\ EventDetailSheet.swift,\ EventEditView.swift,\ EventListRow.swift,\ NaturalLanguageEventView.swift,\ ReminderModels.swift,\ ReminderService.swift,\ ServicePickerView.swift,\ WeekTimelineView.swift,\ ChatMessageRow.swift,\ ChatsListView.swift,\ ChatView.swift,\ GeneralChatToolHandler.swift /Users/mariomoschetta/Downloads/Marilena/Marilena/Core/UX/TwoFingerPanOverlay.swift /Users/mariomoschetta/Downloads/Marilena/Marilena/Core/CacheEntry+CoreDataClass.swift /Users/mariomoschetta/Downloads/Marilena/Marilena/Core/EmailHTMLRenderer.swift /Users/mariomoschetta/Downloads/Marilena/Marilena/Core/NetworkService.swift /Users/mariomoschetta/Downloads/Marilena/Marilena/Core/ThinkingManager.swift /Users/mariomoschetta/Downloads/Marilena/Marilena/Features/Calendar/AIEventCreationView.swift /Users/mariomoschetta/Downloads/Marilena/Marilena/Features/Calendar/CalendarView.swift /Users/mariomoschetta/Downloads/Marilena/Marilena/Features/Calendar/CreateEventView.swift /Users/mariomoschetta/Downloads/Marilena/Marilena/Features/Calendar/DayTimelineView.swift /Users/mariomoschetta/Downloads/Marilena/Marilena/Features/Calendar/EventDetailSheet.swift /Users/mariomoschetta/Downloads/Marilena/Marilena/Features/Calendar/EventEditView.swift /Users/mariomoschetta/Downloads/Marilena/Marilena/Features/Calendar/EventListRow.swift /Users/mariomoschetta/Downloads/Marilena/Marilena/Features/Calendar/NaturalLanguageEventView.swift /Users/mariomoschetta/Downloads/Marilena/Marilena/Features/Calendar/ReminderModels.swift /Users/mariomoschetta/Downloads/Marilena/Marilena/Features/Calendar/ReminderService.swift /Users/mariomoschetta/Downloads/Marilena/Marilena/Features/Calendar/ServicePickerView.swift /Users/mariomoschetta/Downloads/Marilena/Marilena/Features/Calendar/WeekTimelineView.swift /Users/mariomoschetta/Downloads/Marilena/Marilena/Features/Chat/ChatMessageRow.swift /Users/mariomoschetta/Downloads/Marilena/Marilena/Features/Chat/ChatsListView.swift /Users/mariomoschetta/Downloads/Marilena/Marilena/Features/Chat/ChatView.swift /Users/mariomoschetta/Downloads/Marilena/Marilena/Features/Chat/GeneralChatToolHandler.swift (in target 'Marilena' from project 'Marilena')
SwiftCompile normal arm64 /Users/mariomoschetta/Downloads/Marilena/Marilena/Core/UX/TwoFingerPanOverlay.swift (in target 'Marilena' from project 'Marilena')
    cd /Users/mariomoschetta/Downloads/Marilena
    

SwiftCompile normal arm64 /Users/mariomoschetta/Downloads/Marilena/Marilena/Core/CacheEntry+CoreDataClass.swift (in target 'Marilena' from project 'Marilena')
    cd /Users/mariomoschetta/Downloads/Marilena
    

SwiftCompile normal arm64 /Users/mariomoschetta/Downloads/Marilena/Marilena/Core/EmailHTMLRenderer.swift (in target 'Marilena' from project 'Marilena')
    cd /Users/mariomoschetta/Downloads/Marilena
    
/Users/mariomoschetta/Downloads/Marilena/Marilena/Core/EmailHTMLRenderer.swift:119:23: warning: 'processPool' was deprecated in iOS 15.0: Creating and using multiple instances of WKProcessPool no longer has any effect.
        configuration.processPool = WKProcessPool()
                      ^
/Users/mariomoschetta/Downloads/Marilena/Marilena/Core/EmailHTMLRenderer.swift:119:37: warning: 'WKProcessPool' was deprecated in iOS 15.0: Creating and using multiple instances of WKProcessPool no longer has any effect.
        configuration.processPool = WKProcessPool()
                                    ^
/Users/mariomoschetta/Downloads/Marilena/Marilena/Core/EmailHTMLRenderer.swift:142:60: warning: 'main' was deprecated in iOS 26.0: Use a UIScreen instance found through context instead (i.e, view.window.windowScene.screen), or for properties like UIScreen.scale with trait equivalents, use a traitCollection found through context.
        webView.frame = CGRect(x: 0, y: 0, width: UIScreen.main.bounds.width, height: 300)
                                                           ^

SwiftCompile normal arm64 /Users/mariomoschetta/Downloads/Marilena/Marilena/Core/NetworkService.swift (in target 'Marilena' from project 'Marilena')
    cd /Users/mariomoschetta/Downloads/Marilena
    

SwiftCompile normal arm64 /Users/mariomoschetta/Downloads/Marilena/Marilena/Core/ThinkingManager.swift (in target 'Marilena' from project 'Marilena')
    cd /Users/mariomoschetta/Downloads/Marilena
    

SwiftCompile normal arm64 /Users/mariomoschetta/Downloads/Marilena/Marilena/Features/Calendar/AIEventCreationView.swift (in target 'Marilena' from project 'Marilena')
    cd /Users/mariomoschetta/Downloads/Marilena
    

SwiftCompile normal arm64 /Users/mariomoschetta/Downloads/Marilena/Marilena/Features/Calendar/CalendarView.swift (in target 'Marilena' from project 'Marilena')
    cd /Users/mariomoschetta/Downloads/Marilena
    

SwiftCompile normal arm64 /Users/mariomoschetta/Downloads/Marilena/Marilena/Features/Calendar/CreateEventView.swift (in target 'Marilena' from project 'Marilena')
    cd /Users/mariomoschetta/Downloads/Marilena
    

SwiftCompile normal arm64 /Users/mariomoschetta/Downloads/Marilena/Marilena/Features/Calendar/DayTimelineView.swift (in target 'Marilena' from project 'Marilena')
    cd /Users/mariomoschetta/Downloads/Marilena
    
/Users/mariomoschetta/Downloads/Marilena/Marilena/Features/Calendar/DayTimelineView.swift:465:13: warning: variable 'isDragging' was never mutated; consider changing to 'let' constant
        var isDragging = draggingEventID == (ev.id ?? ev.providerId)
        ~~~ ^
        let

SwiftCompile normal arm64 /Users/mariomoschetta/Downloads/Marilena/Marilena/Features/Calendar/EventDetailSheet.swift (in target 'Marilena' from project 'Marilena')
    cd /Users/mariomoschetta/Downloads/Marilena
    

SwiftCompile normal arm64 /Users/mariomoschetta/Downloads/Marilena/Marilena/Features/Calendar/EventEditView.swift (in target 'Marilena' from project 'Marilena')
    cd /Users/mariomoschetta/Downloads/Marilena
    

SwiftCompile normal arm64 /Users/mariomoschetta/Downloads/Marilena/Marilena/Features/Calendar/EventListRow.swift (in target 'Marilena' from project 'Marilena')
    cd /Users/mariomoschetta/Downloads/Marilena
    

SwiftCompile normal arm64 /Users/mariomoschetta/Downloads/Marilena/Marilena/Features/Calendar/NaturalLanguageEventView.swift (in target 'Marilena' from project 'Marilena')
    cd /Users/mariomoschetta/Downloads/Marilena
    

SwiftCompile normal arm64 /Users/mariomoschetta/Downloads/Marilena/Marilena/Features/Calendar/ReminderModels.swift (in target 'Marilena' from project 'Marilena')
    cd /Users/mariomoschetta/Downloads/Marilena
    

SwiftCompile normal arm64 /Users/mariomoschetta/Downloads/Marilena/Marilena/Features/Calendar/ReminderService.swift (in target 'Marilena' from project 'Marilena')
    cd /Users/mariomoschetta/Downloads/Marilena
    
/Users/mariomoschetta/Downloads/Marilena/Marilena/Features/Calendar/ReminderService.swift:30:56: warning: 'authorized' was deprecated in iOS 17.0: Check for full access or write only access
            return status == .fullAccess || status == .authorized
                                                       ^
/Users/mariomoschetta/Downloads/Marilena/Marilena/Features/Calendar/ReminderService.swift:38:80: warning: 'authorized' was deprecated in iOS 17.0: Check for full access or write only access
            return status == .fullAccess || status == .writeOnly || status == .authorized
                                                                               ^
/Users/mariomoschetta/Downloads/Marilena/Marilena/Features/Calendar/ReminderService.swift:130:37: warning: no 'async' operations occur within 'await' expression
        guard let ekReminder = try? await eventStore.calendarItem(withIdentifier: reminder.id) as? EKReminder else {
                                    ^
/Users/mariomoschetta/Downloads/Marilena/Marilena/Features/Calendar/ReminderService.swift:130:32: warning: no calls to throwing functions occur within 'try' expression
        guard let ekReminder = try? await eventStore.calendarItem(withIdentifier: reminder.id) as? EKReminder else {
                               ^
/Users/mariomoschetta/Downloads/Marilena/Marilena/Features/Calendar/ReminderService.swift:186:37: warning: no 'async' operations occur within 'await' expression
        guard let ekReminder = try? await eventStore.calendarItem(withIdentifier: reminder.id) as? EKReminder else {
                                    ^
/Users/mariomoschetta/Downloads/Marilena/Marilena/Features/Calendar/ReminderService.swift:186:32: warning: no calls to throwing functions occur within 'try' expression
        guard let ekReminder = try? await eventStore.calendarItem(withIdentifier: reminder.id) as? EKReminder else {
                               ^

SwiftCompile normal arm64 /Users/mariomoschetta/Downloads/Marilena/Marilena/Features/Calendar/ServicePickerView.swift (in target 'Marilena' from project 'Marilena')
    cd /Users/mariomoschetta/Downloads/Marilena
    

SwiftCompile normal arm64 /Users/mariomoschetta/Downloads/Marilena/Marilena/Features/Calendar/WeekTimelineView.swift (in target 'Marilena' from project 'Marilena')
    cd /Users/mariomoschetta/Downloads/Marilena
    
/Users/mariomoschetta/Downloads/Marilena/Marilena/Features/Calendar/WeekTimelineView.swift:111:21: warning: initialization of immutable value 'isSelectedDay' was never used; consider replacing with assignment to '_' or removing it
                let isSelectedDay = false // Week view doesn't have individual day selection
                ~~~~^~~~~~~~~~~~~
                _

SwiftCompile normal arm64 /Users/mariomoschetta/Downloads/Marilena/Marilena/Features/Chat/ChatMessageRow.swift (in target 'Marilena' from project 'Marilena')
    cd /Users/mariomoschetta/Downloads/Marilena
    

SwiftCompile normal arm64 /Users/mariomoschetta/Downloads/Marilena/Marilena/Features/Chat/ChatsListView.swift (in target 'Marilena' from project 'Marilena')
    cd /Users/mariomoschetta/Downloads/Marilena
    

SwiftCompile normal arm64 /Users/mariomoschetta/Downloads/Marilena/Marilena/Features/Chat/ChatView.swift (in target 'Marilena' from project 'Marilena')
    cd /Users/mariomoschetta/Downloads/Marilena
    

SwiftCompile normal arm64 /Users/mariomoschetta/Downloads/Marilena/Marilena/Features/Chat/GeneralChatToolHandler.swift (in target 'Marilena' from project 'Marilena')
    cd /Users/mariomoschetta/Downloads/Marilena
    
/Users/mariomoschetta/Downloads/Marilena/Marilena/Features/Chat/GeneralChatToolHandler.swift:20:127: warning: main actor-isolated static property 'shared' can not be referenced from a nonisolated context; this is an error in the Swift 6 language mode
    init(calendarManager: CalendarManager, newCalendarService: NewCalendarService? = nil, reminderService: ReminderService = .shared, context: NSManagedObjectContext) {
                                                                                                                              ^
/Users/mariomoschetta/Downloads/Marilena/Marilena/Features/Calendar/ReminderService.swift:22:23: note: static property declared here
    public static let shared = ReminderService()
                      ^

SwiftCompile normal arm64 Compiling\ SpeechTranscriptionService.swift,\ TranscriptionAnalysisView.swift,\ TranscriptionChatView.swift,\ TranscriptionModeSelectionView.swift,\ ChatMarilena+CoreDataClass.swift,\ ChatMarilena+CoreDataProperties.swift,\ CronologiaContesto+CoreDataClass.swift,\ CronologiaContesto+CoreDataProperties.swift,\ Item+CoreDataClass.swift,\ Item+CoreDataProperties.swift,\ MessaggioMarilena+CoreDataClass.swift,\ MessaggioMarilena+CoreDataProperties.swift,\ ProfiloUtente+CoreDataClass.swift,\ ProfiloUtente+CoreDataProperties.swift,\ RegistrazioneAudio+CoreDataClass.swift,\ RegistrazioneAudio+CoreDataProperties.swift,\ CachedEmail+CoreDataClass.swift,\ CachedEmail+CoreDataProperties.swift,\ DraftEmail+CoreDataClass.swift,\ DraftEmail+CoreDataProperties.swift /Users/mariomoschetta/Downloads/Marilena/Marilena/SpeechTranscriptionService.swift /Users/mariomoschetta/Downloads/Marilena/Marilena/TranscriptionAnalysisView.swift /Users/mariomoschetta/Downloads/Marilena/Marilena/TranscriptionChatView.swift /Users/mariomoschetta/Downloads/Marilena/Marilena/TranscriptionModeSelectionView.swift /Users/mariomoschetta/Downloads/Marilena/DerivedData/Build/Intermediates.noindex/Marilena.build/Debug-iphonesimulator/Marilena.build/DerivedSources/CoreDataGenerated/Marilena/ChatMarilena+CoreDataClass.swift /Users/mariomoschetta/Downloads/Marilena/DerivedData/Build/Intermediates.noindex/Marilena.build/Debug-iphonesimulator/Marilena.build/DerivedSources/CoreDataGenerated/Marilena/ChatMarilena+CoreDataProperties.swift /Users/mariomoschetta/Downloads/Marilena/DerivedData/Build/Intermediates.noindex/Marilena.build/Debug-iphonesimulator/Marilena.build/DerivedSources/CoreDataGenerated/Marilena/CronologiaContesto+CoreDataClass.swift /Users/mariomoschetta/Downloads/Marilena/DerivedData/Build/Intermediates.noindex/Marilena.build/Debug-iphonesimulator/Marilena.build/DerivedSources/CoreDataGenerated/Marilena/CronologiaContesto+CoreDataProperties.swift /Users/mariomoschetta/Downloads/Marilena/DerivedData/Build/Intermediates.noindex/Marilena.build/Debug-iphonesimulator/Marilena.build/DerivedSources/CoreDataGenerated/Marilena/Item+CoreDataClass.swift /Users/mariomoschetta/Downloads/Marilena/DerivedData/Build/Intermediates.noindex/Marilena.build/Debug-iphonesimulator/Marilena.build/DerivedSources/CoreDataGenerated/Marilena/Item+CoreDataProperties.swift /Users/mariomoschetta/Downloads/Marilena/DerivedData/Build/Intermediates.noindex/Marilena.build/Debug-iphonesimulator/Marilena.build/DerivedSources/CoreDataGenerated/Marilena/MessaggioMarilena+CoreDataClass.swift /Users/mariomoschetta/Downloads/Marilena/DerivedData/Build/Intermediates.noindex/Marilena.build/Debug-iphonesimulator/Marilena.build/DerivedSources/CoreDataGenerated/Marilena/MessaggioMarilena+CoreDataProperties.swift /Users/mariomoschetta/Downloads/Marilena/DerivedData/Build/Intermediates.noindex/Marilena.build/Debug-iphonesimulator/Marilena.build/DerivedSources/CoreDataGenerated/Marilena/ProfiloUtente+CoreDataClass.swift /Users/mariomoschetta/Downloads/Marilena/DerivedData/Build/Intermediates.noindex/Marilena.build/Debug-iphonesimulator/Marilena.build/DerivedSources/CoreDataGenerated/Marilena/ProfiloUtente+CoreDataProperties.swift /Users/mariomoschetta/Downloads/Marilena/DerivedData/Build/Intermediates.noindex/Marilena.build/Debug-iphonesimulator/Marilena.build/DerivedSources/CoreDataGenerated/Marilena/RegistrazioneAudio+CoreDataClass.swift /Users/mariomoschetta/Downloads/Marilena/DerivedData/Build/Intermediates.noindex/Marilena.build/Debug-iphonesimulator/Marilena.build/DerivedSources/CoreDataGenerated/Marilena/RegistrazioneAudio+CoreDataProperties.swift /Users/mariomoschetta/Downloads/Marilena/DerivedData/Build/Intermediates.noindex/Marilena.build/Debug-iphonesimulator/Marilena.build/DerivedSources/CoreDataGenerated/Marilena/CachedEmail+CoreDataClass.swift /Users/mariomoschetta/Downloads/Marilena/DerivedData/Build/Intermediates.noindex/Marilena.build/Debug-iphonesimulator/Marilena.build/DerivedSources/CoreDataGenerated/Marilena/CachedEmail+CoreDataProperties.swift /Users/mariomoschetta/Downloads/Marilena/DerivedData/Build/Intermediates.noindex/Marilena.build/Debug-iphonesimulator/Marilena.build/DerivedSources/CoreDataGenerated/Marilena/DraftEmail+CoreDataClass.swift /Users/mariomoschetta/Downloads/Marilena/DerivedData/Build/Intermediates.noindex/Marilena.build/Debug-iphonesimulator/Marilena.build/DerivedSources/CoreDataGenerated/Marilena/DraftEmail+CoreDataProperties.swift (in target 'Marilena' from project 'Marilena')

SwiftCompile normal arm64 /Users/mariomoschetta/Downloads/Marilena/Marilena/SpeechTranscriptionService.swift (in target 'Marilena' from project 'Marilena')
    cd /Users/mariomoschetta/Downloads/Marilena
    

SwiftCompile normal arm64 /Users/mariomoschetta/Downloads/Marilena/Marilena/TranscriptionAnalysisView.swift (in target 'Marilena' from project 'Marilena')
    cd /Users/mariomoschetta/Downloads/Marilena
    

SwiftCompile normal arm64 /Users/mariomoschetta/Downloads/Marilena/Marilena/TranscriptionChatView.swift (in target 'Marilena' from project 'Marilena')
    cd /Users/mariomoschetta/Downloads/Marilena
    

SwiftCompile normal arm64 /Users/mariomoschetta/Downloads/Marilena/Marilena/TranscriptionModeSelectionView.swift (in target 'Marilena' from project 'Marilena')
    cd /Users/mariomoschetta/Downloads/Marilena
    

SwiftCompile normal arm64 /Users/mariomoschetta/Downloads/Marilena/DerivedData/Build/Intermediates.noindex/Marilena.build/Debug-iphonesimulator/Marilena.build/DerivedSources/CoreDataGenerated/Marilena/ChatMarilena+CoreDataClass.swift (in target 'Marilena' from project 'Marilena')
    cd /Users/mariomoschetta/Downloads/Marilena
    

SwiftCompile normal arm64 /Users/mariomoschetta/Downloads/Marilena/DerivedData/Build/Intermediates.noindex/Marilena.build/Debug-iphonesimulator/Marilena.build/DerivedSources/CoreDataGenerated/Marilena/ChatMarilena+CoreDataProperties.swift (in target 'Marilena' from project 'Marilena')
    cd /Users/mariomoschetta/Downloads/Marilena
    

SwiftCompile normal arm64 /Users/mariomoschetta/Downloads/Marilena/DerivedData/Build/Intermediates.noindex/Marilena.build/Debug-iphonesimulator/Marilena.build/DerivedSources/CoreDataGenerated/Marilena/CronologiaContesto+CoreDataClass.swift (in target 'Marilena' from project 'Marilena')
    cd /Users/mariomoschetta/Downloads/Marilena
    

SwiftCompile normal arm64 /Users/mariomoschetta/Downloads/Marilena/DerivedData/Build/Intermediates.noindex/Marilena.build/Debug-iphonesimulator/Marilena.build/DerivedSources/CoreDataGenerated/Marilena/CronologiaContesto+CoreDataProperties.swift (in target 'Marilena' from project 'Marilena')
    cd /Users/mariomoschetta/Downloads/Marilena
    

SwiftCompile normal arm64 /Users/mariomoschetta/Downloads/Marilena/DerivedData/Build/Intermediates.noindex/Marilena.build/Debug-iphonesimulator/Marilena.build/DerivedSources/CoreDataGenerated/Marilena/Item+CoreDataClass.swift (in target 'Marilena' from project 'Marilena')
    cd /Users/mariomoschetta/Downloads/Marilena
    

SwiftCompile normal arm64 /Users/mariomoschetta/Downloads/Marilena/DerivedData/Build/Intermediates.noindex/Marilena.build/Debug-iphonesimulator/Marilena.build/DerivedSources/CoreDataGenerated/Marilena/Item+CoreDataProperties.swift (in target 'Marilena' from project 'Marilena')
    cd /Users/mariomoschetta/Downloads/Marilena
    

SwiftCompile normal arm64 /Users/mariomoschetta/Downloads/Marilena/DerivedData/Build/Intermediates.noindex/Marilena.build/Debug-iphonesimulator/Marilena.build/DerivedSources/CoreDataGenerated/Marilena/MessaggioMarilena+CoreDataClass.swift (in target 'Marilena' from project 'Marilena')
    cd /Users/mariomoschetta/Downloads/Marilena
    

SwiftCompile normal arm64 /Users/mariomoschetta/Downloads/Marilena/DerivedData/Build/Intermediates.noindex/Marilena.build/Debug-iphonesimulator/Marilena.build/DerivedSources/CoreDataGenerated/Marilena/MessaggioMarilena+CoreDataProperties.swift (in target 'Marilena' from project 'Marilena')
    cd /Users/mariomoschetta/Downloads/Marilena
    

SwiftCompile normal arm64 /Users/mariomoschetta/Downloads/Marilena/DerivedData/Build/Intermediates.noindex/Marilena.build/Debug-iphonesimulator/Marilena.build/DerivedSources/CoreDataGenerated/Marilena/ProfiloUtente+CoreDataClass.swift (in target 'Marilena' from project 'Marilena')
    cd /Users/mariomoschetta/Downloads/Marilena
    

SwiftCompile normal arm64 /Users/mariomoschetta/Downloads/Marilena/DerivedData/Build/Intermediates.noindex/Marilena.build/Debug-iphonesimulator/Marilena.build/DerivedSources/CoreDataGenerated/Marilena/ProfiloUtente+CoreDataProperties.swift (in target 'Marilena' from project 'Marilena')
    cd /Users/mariomoschetta/Downloads/Marilena
    

SwiftCompile normal arm64 /Users/mariomoschetta/Downloads/Marilena/DerivedData/Build/Intermediates.noindex/Marilena.build/Debug-iphonesimulator/Marilena.build/DerivedSources/CoreDataGenerated/Marilena/RegistrazioneAudio+CoreDataClass.swift (in target 'Marilena' from project 'Marilena')
    cd /Users/mariomoschetta/Downloads/Marilena
    

SwiftCompile normal arm64 /Users/mariomoschetta/Downloads/Marilena/DerivedData/Build/Intermediates.noindex/Marilena.build/Debug-iphonesimulator/Marilena.build/DerivedSources/CoreDataGenerated/Marilena/RegistrazioneAudio+CoreDataProperties.swift (in target 'Marilena' from project 'Marilena')
    cd /Users/mariomoschetta/Downloads/Marilena
    

SwiftCompile normal arm64 /Users/mariomoschetta/Downloads/Marilena/DerivedData/Build/Intermediates.noindex/Marilena.build/Debug-iphonesimulator/Marilena.build/DerivedSources/CoreDataGenerated/Marilena/CachedEmail+CoreDataClass.swift (in target 'Marilena' from project 'Marilena')
    cd /Users/mariomoschetta/Downloads/Marilena
    

SwiftCompile normal arm64 /Users/mariomoschetta/Downloads/Marilena/DerivedData/Build/Intermediates.noindex/Marilena.build/Debug-iphonesimulator/Marilena.build/DerivedSources/CoreDataGenerated/Marilena/CachedEmail+CoreDataProperties.swift (in target 'Marilena' from project 'Marilena')
    cd /Users/mariomoschetta/Downloads/Marilena
    

SwiftCompile normal arm64 /Users/mariomoschetta/Downloads/Marilena/DerivedData/Build/Intermediates.noindex/Marilena.build/Debug-iphonesimulator/Marilena.build/DerivedSources/CoreDataGenerated/Marilena/DraftEmail+CoreDataClass.swift (in target 'Marilena' from project 'Marilena')
    cd /Users/mariomoschetta/Downloads/Marilena
    

SwiftCompile normal arm64 /Users/mariomoschetta/Downloads/Marilena/DerivedData/Build/Intermediates.noindex/Marilena.build/Debug-iphonesimulator/Marilena.build/DerivedSources/CoreDataGenerated/Marilena/DraftEmail+CoreDataProperties.swift (in target 'Marilena' from project 'Marilena')
    cd /Users/mariomoschetta/Downloads/Marilena
    

SwiftEmitModule normal arm64 Emitting\ module\ for\ Marilena (in target 'Marilena' from project 'Marilena')

EmitSwiftModule normal arm64 (in target 'Marilena' from project 'Marilena')
    cd /Users/mariomoschetta/Downloads/Marilena
    
/Users/mariomoschetta/Downloads/Marilena/Marilena/Core/Calendar/CalendarManager.swift:217:5: warning: '@discardableResult' declared on a function returning 'Void' is unnecessary
    @discardableResult
    ^~~~~~~~~~~~~~~~~~
    
/Users/mariomoschetta/Downloads/Marilena/Marilena/Features/Chat/GeneralChatToolHandler.swift:20:127: warning: main actor-isolated static property 'shared' can not be referenced from a nonisolated context; this is an error in the Swift 6 language mode
    init(calendarManager: CalendarManager, newCalendarService: NewCalendarService? = nil, reminderService: ReminderService = .shared, context: NSManagedObjectContext) {
                                                                                                                              ^
/Users/mariomoschetta/Downloads/Marilena/Marilena/Features/Calendar/ReminderService.swift:22:23: note: static property declared here
    public static let shared = ReminderService()
                      ^
/Users/mariomoschetta/Downloads/Marilena/Marilena/Features/Planner/PlannerPromptBuilder.swift:21:45: warning: main actor-isolated static property 'shared' can not be referenced from a nonisolated context; this is an error in the Swift 6 language mode
        reminderService: ReminderService = .shared,
                                            ^
/Users/mariomoschetta/Downloads/Marilena/Marilena/Features/Calendar/ReminderService.swift:22:23: note: static property declared here
    public static let shared = ReminderService()
                      ^
/Users/mariomoschetta/Downloads/Marilena/Marilena/Features/Planner/TimeBlockingAgendaView.swift:24:87: warning: main actor-isolated static property 'shared' can not be referenced from a nonisolated context; this is an error in the Swift 6 language mode
    public init(calendarManager: CalendarManager, reminderService: ReminderService = .shared) {
                                                                                      ^
/Users/mariomoschetta/Downloads/Marilena/Marilena/Features/Calendar/ReminderService.swift:22:23: note: static property declared here
    public static let shared = ReminderService()
                      ^
/Users/mariomoschetta/Downloads/Marilena/Marilena/AppleIntelligenceService.swift:111:55: warning: call to main actor-isolated initializer 'init(instructions:temperature:maxOutputTokens:)' in a synchronous nonisolated context
        configuration: AppleGenerationConfiguration = AppleGenerationConfiguration()
                                                      ^
/Users/mariomoschetta/Downloads/Marilena/Marilena/AppleIntelligenceService.swift:62:12: note: calls to initializer 'init(instructions:temperature:maxOutputTokens:)' from outside of its actor context are implicitly asynchronous
    public init(
           ^

SwiftCompile normal arm64 Compiling\ ModernEmailViewer.swift,\ ModernEmailViewerAIDemo.swift,\ ModernEmailViewerTest.swift,\ NativeAppleMailView.swift,\ NotificationService.swift,\ OAuthConfigView.swift,\ OAuthService.swift,\ OfflineSyncService.swift,\ OpenAIService.swift,\ PerplexityService.swift,\ Persistence.swift,\ PromptManager.swift,\ RecorderMainView.swift,\ RecordingDetailView.swift,\ RecordingIntents.swift,\ RecordingService.swift,\ RecordingsListView.swift,\ RichTextEditor.swift,\ SettingsView.swift,\ SharedTypes.swift /Users/mariomoschetta/Downloads/Marilena/Marilena/ModernEmailViewer.swift /Users/mariomoschetta/Downloads/Marilena/Marilena/ModernEmailViewerAIDemo.swift /Users/mariomoschetta/Downloads/Marilena/Marilena/ModernEmailViewerTest.swift /Users/mariomoschetta/Downloads/Marilena/Marilena/NativeAppleMailView.swift /Users/mariomoschetta/Downloads/Marilena/Marilena/NotificationService.swift /Users/mariomoschetta/Downloads/Marilena/Marilena/OAuthConfigView.swift /Users/mariomoschetta/Downloads/Marilena/Marilena/OAuthService.swift /Users/mariomoschetta/Downloads/Marilena/Marilena/OfflineSyncService.swift /Users/mariomoschetta/Downloads/Marilena/Marilena/OpenAIService.swift /Users/mariomoschetta/Downloads/Marilena/Marilena/PerplexityService.swift /Users/mariomoschetta/Downloads/Marilena/Marilena/Persistence.swift /Users/mariomoschetta/Downloads/Marilena/Marilena/PromptManager.swift /Users/mariomoschetta/Downloads/Marilena/Marilena/RecorderMainView.swift /Users/mariomoschetta/Downloads/Marilena/Marilena/RecordingDetailView.swift /Users/mariomoschetta/Downloads/Marilena/Marilena/RecordingIntents.swift /Users/mariomoschetta/Downloads/Marilena/Marilena/RecordingService.swift /Users/mariomoschetta/Downloads/Marilena/Marilena/RecordingsListView.swift /Users/mariomoschetta/Downloads/Marilena/Marilena/RichTextEditor.swift /Users/mariomoschetta/Downloads/Marilena/Marilena/SettingsView.swift /Users/mariomoschetta/Downloads/Marilena/Marilena/SharedTypes.swift (in target 'Marilena' from project 'Marilena')

SwiftCompile normal arm64 /Users/mariomoschetta/Downloads/Marilena/Marilena/ModernEmailViewer.swift (in target 'Marilena' from project 'Marilena')
    cd /Users/mariomoschetta/Downloads/Marilena
    
/Users/mariomoschetta/Downloads/Marilena/Marilena/ModernEmailViewer.swift:79:21: warning: no calls to throwing functions occur within 'try' expression
                    try await emailService.markEmailAsRead(email.id)
                    ^
/Users/mariomoschetta/Downloads/Marilena/Marilena/ModernEmailViewer.swift:80:19: warning: 'catch' block is unreachable because no errors are thrown in 'do' block
                } catch {
                  ^

SwiftCompile normal arm64 /Users/mariomoschetta/Downloads/Marilena/Marilena/ModernEmailViewerAIDemo.swift (in target 'Marilena' from project 'Marilena')
    cd /Users/mariomoschetta/Downloads/Marilena
    

SwiftCompile normal arm64 /Users/mariomoschetta/Downloads/Marilena/Marilena/ModernEmailViewerTest.swift (in target 'Marilena' from project 'Marilena')
    cd /Users/mariomoschetta/Downloads/Marilena
    

SwiftCompile normal arm64 /Users/mariomoschetta/Downloads/Marilena/Marilena/NativeAppleMailView.swift (in target 'Marilena' from project 'Marilena')
    cd /Users/mariomoschetta/Downloads/Marilena
    
/Users/mariomoschetta/Downloads/Marilena/Marilena/NativeAppleMailView.swift:262:20: warning: value 'analysis' was defined but never used; consider replacing with boolean test
            if let analysis = analysis {
               ~~~~^~~~~~~~~~~
                                       != nil

SwiftCompile normal arm64 /Users/mariomoschetta/Downloads/Marilena/Marilena/NotificationService.swift (in target 'Marilena' from project 'Marilena')
    cd /Users/mariomoschetta/Downloads/Marilena
    

SwiftCompile normal arm64 /Users/mariomoschetta/Downloads/Marilena/Marilena/OAuthConfigView.swift (in target 'Marilena' from project 'Marilena')
    cd /Users/mariomoschetta/Downloads/Marilena
    

SwiftCompile normal arm64 /Users/mariomoschetta/Downloads/Marilena/Marilena/OAuthService.swift (in target 'Marilena' from project 'Marilena')
    cd /Users/mariomoschetta/Downloads/Marilena
    
/Users/mariomoschetta/Downloads/Marilena/Marilena/OAuthService.swift:65:23: warning: value 'idToken' was defined but never used; consider replacing with boolean test
            guard let idToken = user.idToken?.tokenString else {
                  ~~~~^~~~~~~~~~
                  (                                      ) != nil

SwiftCompile normal arm64 /Users/mariomoschetta/Downloads/Marilena/Marilena/OfflineSyncService.swift (in target 'Marilena' from project 'Marilena')
    cd /Users/mariomoschetta/Downloads/Marilena
    

SwiftCompile normal arm64 /Users/mariomoschetta/Downloads/Marilena/Marilena/OpenAIService.swift (in target 'Marilena' from project 'Marilena')
    cd /Users/mariomoschetta/Downloads/Marilena
    
/Users/mariomoschetta/Downloads/Marilena/Marilena/OpenAIService.swift:128:56: warning: main actor-isolated conformance of 'OpenAIResponse' to 'Decodable' cannot be used in nonisolated context; this is an error in the Swift 6 language mode
                let openAIResponse = try JSONDecoder().decode(OpenAIResponse.self, from: data)
                                                       ^

SwiftCompile normal arm64 /Users/mariomoschetta/Downloads/Marilena/Marilena/PerplexityService.swift (in target 'Marilena' from project 'Marilena')
    cd /Users/mariomoschetta/Downloads/Marilena
    

SwiftCompile normal arm64 /Users/mariomoschetta/Downloads/Marilena/Marilena/Persistence.swift (in target 'Marilena' from project 'Marilena')
    cd /Users/mariomoschetta/Downloads/Marilena
    

SwiftCompile normal arm64 /Users/mariomoschetta/Downloads/Marilena/Marilena/PromptManager.swift (in target 'Marilena' from project 'Marilena')
    cd /Users/mariomoschetta/Downloads/Marilena
    

SwiftCompile normal arm64 /Users/mariomoschetta/Downloads/Marilena/Marilena/RecorderMainView.swift (in target 'Marilena' from project 'Marilena')
    cd /Users/mariomoschetta/Downloads/Marilena
    

SwiftCompile normal arm64 /Users/mariomoschetta/Downloads/Marilena/Marilena/RecordingDetailView.swift (in target 'Marilena' from project 'Marilena')
    cd /Users/mariomoschetta/Downloads/Marilena
    
/Users/mariomoschetta/Downloads/Marilena/Marilena/RecordingDetailView.swift:873:17: warning: reference to captured var 'self' in concurrently-executing code; this is an error in the Swift 6 language mode
                self?.updateTime()
                ^
/Users/mariomoschetta/Downloads/Marilena/Marilena/RecordingDetailView.swift:495:9: warning: code after 'return' will never be executed
        let status = SFSpeechRecognizer.authorizationStatus()
        ^

SwiftCompile normal arm64 /Users/mariomoschetta/Downloads/Marilena/Marilena/RecordingIntents.swift (in target 'Marilena' from project 'Marilena')
    cd /Users/mariomoschetta/Downloads/Marilena
    

SwiftCompile normal arm64 /Users/mariomoschetta/Downloads/Marilena/Marilena/RecordingService.swift (in target 'Marilena' from project 'Marilena')
    cd /Users/mariomoschetta/Downloads/Marilena
    
/Users/mariomoschetta/Downloads/Marilena/Marilena/RecordingService.swift:254:58: warning: 'recordPermission' was deprecated in iOS 17.0: Please use AVAudioApplication recordPermission
            let status = AVAudioSession.sharedInstance().recordPermission
                                                         ^
/Users/mariomoschetta/Downloads/Marilena/Marilena/RecordingService.swift:293:45: warning: 'requestRecordPermission' was deprecated in iOS 17.0: Please use AVAudioApplication requestRecordPermissionWithCompletionHandler
            AVAudioSession.sharedInstance().requestRecordPermission { [weak self] granted in
                                            ^

SwiftCompile normal arm64 /Users/mariomoschetta/Downloads/Marilena/Marilena/RecordingsListView.swift (in target 'Marilena' from project 'Marilena')
    cd /Users/mariomoschetta/Downloads/Marilena
    
/Users/mariomoschetta/Downloads/Marilena/Marilena/RecordingsListView.swift:708:17: warning: reference to captured var 'self' in concurrently-executing code; this is an error in the Swift 6 language mode
                self?.updateTime()
                ^

SwiftCompile normal arm64 /Users/mariomoschetta/Downloads/Marilena/Marilena/RichTextEditor.swift (in target 'Marilena' from project 'Marilena')
    cd /Users/mariomoschetta/Downloads/Marilena
    
/Users/mariomoschetta/Downloads/Marilena/Marilena/RichTextEditor.swift:228:53: warning: 'windows' was deprecated in iOS 15.0: Use UIWindowScene.windows on a relevant window scene instead
            guard let window = UIApplication.shared.windows.filter({$0.isKeyWindow}).first,
                                                    ^

SwiftCompile normal arm64 /Users/mariomoschetta/Downloads/Marilena/Marilena/SettingsView.swift (in target 'Marilena' from project 'Marilena')
    cd /Users/mariomoschetta/Downloads/Marilena
    
/Users/mariomoschetta/Downloads/Marilena/Marilena/SettingsView.swift:611:14: warning: 'onChange(of:perform:)' was deprecated in iOS 17.0: Use `onChange` with a two or zero parameter action closure instead.
            .onChange(of: useResponsesAPI) { newValue in
             ^
/Users/mariomoschetta/Downloads/Marilena/Marilena/SettingsView.swift:618:14: warning: 'onChange(of:perform:)' was deprecated in iOS 17.0: Use `onChange` with a two or zero parameter action closure instead.
            .onChange(of: enableResponsesStreaming) { newValue in
             ^

SwiftCompile normal arm64 /Users/mariomoschetta/Downloads/Marilena/Marilena/SharedTypes.swift (in target 'Marilena' from project 'Marilena')
    cd /Users/mariomoschetta/Downloads/Marilena
    

SwiftCompile normal arm64 Compiling\ EmailAction+CoreDataClass.swift,\ EmailAction+CoreDataProperties.swift,\ EmailThread+CoreDataClass.swift,\ EmailThread+CoreDataProperties.swift,\ Trascrizione+CoreDataClass.swift,\ Trascrizione+CoreDataProperties.swift,\ CompletedEvent+CoreDataClass.swift,\ CompletedEvent+CoreDataProperties.swift,\ CachedCalendar+CoreDataClass.swift,\ CachedCalendar+CoreDataProperties.swift,\ CachedCalendarEvent+CoreDataClass.swift,\ CachedCalendarEvent+CoreDataProperties.swift,\ CachedEventAttendee+CoreDataClass.swift,\ CachedEventAttendee+CoreDataProperties.swift,\ CachedReminder+CoreDataClass.swift,\ CachedReminder+CoreDataProperties.swift,\ SyncMetadata+CoreDataClass.swift,\ SyncMetadata+CoreDataProperties.swift,\ Marilena+CoreDataModel.swift,\ GeneratedAssetSymbols.swift /Users/mariomoschetta/Downloads/Marilena/DerivedData/Build/Intermediates.noindex/Marilena.build/Debug-iphonesimulator/Marilena.build/DerivedSources/CoreDataGenerated/Marilena/EmailAction+CoreDataClass.swift /Users/mariomoschetta/Downloads/Marilena/DerivedData/Build/Intermediates.noindex/Marilena.build/Debug-iphonesimulator/Marilena.build/DerivedSources/CoreDataGenerated/Marilena/EmailAction+CoreDataProperties.swift /Users/mariomoschetta/Downloads/Marilena/DerivedData/Build/Intermediates.noindex/Marilena.build/Debug-iphonesimulator/Marilena.build/DerivedSources/CoreDataGenerated/Marilena/EmailThread+CoreDataClass.swift /Users/mariomoschetta/Downloads/Marilena/DerivedData/Build/Intermediates.noindex/Marilena.build/Debug-iphonesimulator/Marilena.build/DerivedSources/CoreDataGenerated/Marilena/EmailThread+CoreDataProperties.swift /Users/mariomoschetta/Downloads/Marilena/DerivedData/Build/Intermediates.noindex/Marilena.build/Debug-iphonesimulator/Marilena.build/DerivedSources/CoreDataGenerated/Marilena/Trascrizione+CoreDataClass.swift /Users/mariomoschetta/Downloads/Marilena/DerivedData/Build/Intermediates.noindex/Marilena.build/Debug-iphonesimulator/Marilena.build/DerivedSources/CoreDataGenerated/Marilena/Trascrizione+CoreDataProperties.swift /Users/mariomoschetta/Downloads/Marilena/DerivedData/Build/Intermediates.noindex/Marilena.build/Debug-iphonesimulator/Marilena.build/DerivedSources/CoreDataGenerated/Marilena/CompletedEvent+CoreDataClass.swift /Users/mariomoschetta/Downloads/Marilena/DerivedData/Build/Intermediates.noindex/Marilena.build/Debug-iphonesimulator/Marilena.build/DerivedSources/CoreDataGenerated/Marilena/CompletedEvent+CoreDataProperties.swift /Users/mariomoschetta/Downloads/Marilena/DerivedData/Build/Intermediates.noindex/Marilena.build/Debug-iphonesimulator/Marilena.build/DerivedSources/CoreDataGenerated/Marilena/CachedCalendar+CoreDataClass.swift /Users/mariomoschetta/Downloads/Marilena/DerivedData/Build/Intermediates.noindex/Marilena.build/Debug-iphonesimulator/Marilena.build/DerivedSources/CoreDataGenerated/Marilena/CachedCalendar+CoreDataProperties.swift /Users/mariomoschetta/Downloads/Marilena/DerivedData/Build/Intermediates.noindex/Marilena.build/Debug-iphonesimulator/Marilena.build/DerivedSources/CoreDataGenerated/Marilena/CachedCalendarEvent+CoreDataClass.swift /Users/mariomoschetta/Downloads/Marilena/DerivedData/Build/Intermediates.noindex/Marilena.build/Debug-iphonesimulator/Marilena.build/DerivedSources/CoreDataGenerated/Marilena/CachedCalendarEvent+CoreDataProperties.swift /Users/mariomoschetta/Downloads/Marilena/DerivedData/Build/Intermediates.noindex/Marilena.build/Debug-iphonesimulator/Marilena.build/DerivedSources/CoreDataGenerated/Marilena/CachedEventAttendee+CoreDataClass.swift /Users/mariomoschetta/Downloads/Marilena/DerivedData/Build/Intermediates.noindex/Marilena.build/Debug-iphonesimulator/Marilena.build/DerivedSources/CoreDataGenerated/Marilena/CachedEventAttendee+CoreDataProperties.swift /Users/mariomoschetta/Downloads/Marilena/DerivedData/Build/Intermediates.noindex/Marilena.build/Debug-iphonesimulator/Marilena.build/DerivedSources/CoreDataGenerated/Marilena/CachedReminder+CoreDataClass.swift /Users/mariomoschetta/Downloads/Marilena/DerivedData/Build/Intermediates.noindex/Marilena.build/Debug-iphonesimulator/Marilena.build/DerivedSources/CoreDataGenerated/Marilena/CachedReminder+CoreDataProperties.swift /Users/mariomoschetta/Downloads/Marilena/DerivedData/Build/Intermediates.noindex/Marilena.build/Debug-iphonesimulator/Marilena.build/DerivedSources/CoreDataGenerated/Marilena/SyncMetadata+CoreDataClass.swift /Users/mariomoschetta/Downloads/Marilena/DerivedData/Build/Intermediates.noindex/Marilena.build/Debug-iphonesimulator/Marilena.build/DerivedSources/CoreDataGenerated/Marilena/SyncMetadata+CoreDataProperties.swift /Users/mariomoschetta/Downloads/Marilena/DerivedData/Build/Intermediates.noindex/Marilena.build/Debug-iphonesimulator/Marilena.build/DerivedSources/CoreDataGenerated/Marilena/Marilena+CoreDataModel.swift /Users/mariomoschetta/Downloads/Marilena/DerivedData/Build/Intermediates.noindex/Marilena.build/Debug-iphonesimulator/Marilena.build/DerivedSources/GeneratedAssetSymbols.swift (in target 'Marilena' from project 'Marilena')

SwiftCompile normal arm64 /Users/mariomoschetta/Downloads/Marilena/DerivedData/Build/Intermediates.noindex/Marilena.build/Debug-iphonesimulator/Marilena.build/DerivedSources/CoreDataGenerated/Marilena/EmailAction+CoreDataClass.swift (in target 'Marilena' from project 'Marilena')
    cd /Users/mariomoschetta/Downloads/Marilena
    

SwiftCompile normal arm64 /Users/mariomoschetta/Downloads/Marilena/DerivedData/Build/Intermediates.noindex/Marilena.build/Debug-iphonesimulator/Marilena.build/DerivedSources/CoreDataGenerated/Marilena/EmailAction+CoreDataProperties.swift (in target 'Marilena' from project 'Marilena')
    cd /Users/mariomoschetta/Downloads/Marilena
    

SwiftCompile normal arm64 /Users/mariomoschetta/Downloads/Marilena/DerivedData/Build/Intermediates.noindex/Marilena.build/Debug-iphonesimulator/Marilena.build/DerivedSources/CoreDataGenerated/Marilena/EmailThread+CoreDataClass.swift (in target 'Marilena' from project 'Marilena')
    cd /Users/mariomoschetta/Downloads/Marilena
    

SwiftCompile normal arm64 /Users/mariomoschetta/Downloads/Marilena/DerivedData/Build/Intermediates.noindex/Marilena.build/Debug-iphonesimulator/Marilena.build/DerivedSources/CoreDataGenerated/Marilena/EmailThread+CoreDataProperties.swift (in target 'Marilena' from project 'Marilena')
    cd /Users/mariomoschetta/Downloads/Marilena
    

SwiftCompile normal arm64 /Users/mariomoschetta/Downloads/Marilena/DerivedData/Build/Intermediates.noindex/Marilena.build/Debug-iphonesimulator/Marilena.build/DerivedSources/CoreDataGenerated/Marilena/Trascrizione+CoreDataClass.swift (in target 'Marilena' from project 'Marilena')
    cd /Users/mariomoschetta/Downloads/Marilena
    

SwiftCompile normal arm64 /Users/mariomoschetta/Downloads/Marilena/DerivedData/Build/Intermediates.noindex/Marilena.build/Debug-iphonesimulator/Marilena.build/DerivedSources/CoreDataGenerated/Marilena/Trascrizione+CoreDataProperties.swift (in target 'Marilena' from project 'Marilena')
    cd /Users/mariomoschetta/Downloads/Marilena
    

SwiftCompile normal arm64 /Users/mariomoschetta/Downloads/Marilena/DerivedData/Build/Intermediates.noindex/Marilena.build/Debug-iphonesimulator/Marilena.build/DerivedSources/CoreDataGenerated/Marilena/CompletedEvent+CoreDataClass.swift (in target 'Marilena' from project 'Marilena')
    cd /Users/mariomoschetta/Downloads/Marilena
    

SwiftCompile normal arm64 /Users/mariomoschetta/Downloads/Marilena/DerivedData/Build/Intermediates.noindex/Marilena.build/Debug-iphonesimulator/Marilena.build/DerivedSources/CoreDataGenerated/Marilena/CompletedEvent+CoreDataProperties.swift (in target 'Marilena' from project 'Marilena')
    cd /Users/mariomoschetta/Downloads/Marilena
    

SwiftCompile normal arm64 /Users/mariomoschetta/Downloads/Marilena/DerivedData/Build/Intermediates.noindex/Marilena.build/Debug-iphonesimulator/Marilena.build/DerivedSources/CoreDataGenerated/Marilena/CachedCalendar+CoreDataClass.swift (in target 'Marilena' from project 'Marilena')
    cd /Users/mariomoschetta/Downloads/Marilena
    

SwiftCompile normal arm64 /Users/mariomoschetta/Downloads/Marilena/DerivedData/Build/Intermediates.noindex/Marilena.build/Debug-iphonesimulator/Marilena.build/DerivedSources/CoreDataGenerated/Marilena/CachedCalendar+CoreDataProperties.swift (in target 'Marilena' from project 'Marilena')
    cd /Users/mariomoschetta/Downloads/Marilena
    

SwiftCompile normal arm64 /Users/mariomoschetta/Downloads/Marilena/DerivedData/Build/Intermediates.noindex/Marilena.build/Debug-iphonesimulator/Marilena.build/DerivedSources/CoreDataGenerated/Marilena/CachedCalendarEvent+CoreDataClass.swift (in target 'Marilena' from project 'Marilena')
    cd /Users/mariomoschetta/Downloads/Marilena
    

SwiftCompile normal arm64 /Users/mariomoschetta/Downloads/Marilena/DerivedData/Build/Intermediates.noindex/Marilena.build/Debug-iphonesimulator/Marilena.build/DerivedSources/CoreDataGenerated/Marilena/CachedCalendarEvent+CoreDataProperties.swift (in target 'Marilena' from project 'Marilena')
    cd /Users/mariomoschetta/Downloads/Marilena
    

SwiftCompile normal arm64 /Users/mariomoschetta/Downloads/Marilena/DerivedData/Build/Intermediates.noindex/Marilena.build/Debug-iphonesimulator/Marilena.build/DerivedSources/CoreDataGenerated/Marilena/CachedEventAttendee+CoreDataClass.swift (in target 'Marilena' from project 'Marilena')
    cd /Users/mariomoschetta/Downloads/Marilena
    

SwiftCompile normal arm64 /Users/mariomoschetta/Downloads/Marilena/DerivedData/Build/Intermediates.noindex/Marilena.build/Debug-iphonesimulator/Marilena.build/DerivedSources/CoreDataGenerated/Marilena/CachedEventAttendee+CoreDataProperties.swift (in target 'Marilena' from project 'Marilena')
    cd /Users/mariomoschetta/Downloads/Marilena
    

SwiftCompile normal arm64 /Users/mariomoschetta/Downloads/Marilena/DerivedData/Build/Intermediates.noindex/Marilena.build/Debug-iphonesimulator/Marilena.build/DerivedSources/CoreDataGenerated/Marilena/CachedReminder+CoreDataClass.swift (in target 'Marilena' from project 'Marilena')
    cd /Users/mariomoschetta/Downloads/Marilena
    

SwiftCompile normal arm64 /Users/mariomoschetta/Downloads/Marilena/DerivedData/Build/Intermediates.noindex/Marilena.build/Debug-iphonesimulator/Marilena.build/DerivedSources/CoreDataGenerated/Marilena/CachedReminder+CoreDataProperties.swift (in target 'Marilena' from project 'Marilena')
    cd /Users/mariomoschetta/Downloads/Marilena
    

SwiftCompile normal arm64 /Users/mariomoschetta/Downloads/Marilena/DerivedData/Build/Intermediates.noindex/Marilena.build/Debug-iphonesimulator/Marilena.build/DerivedSources/CoreDataGenerated/Marilena/SyncMetadata+CoreDataClass.swift (in target 'Marilena' from project 'Marilena')
    cd /Users/mariomoschetta/Downloads/Marilena
    

SwiftCompile normal arm64 /Users/mariomoschetta/Downloads/Marilena/DerivedData/Build/Intermediates.noindex/Marilena.build/Debug-iphonesimulator/Marilena.build/DerivedSources/CoreDataGenerated/Marilena/SyncMetadata+CoreDataProperties.swift (in target 'Marilena' from project 'Marilena')
    cd /Users/mariomoschetta/Downloads/Marilena
    

SwiftCompile normal arm64 /Users/mariomoschetta/Downloads/Marilena/DerivedData/Build/Intermediates.noindex/Marilena.build/Debug-iphonesimulator/Marilena.build/DerivedSources/CoreDataGenerated/Marilena/Marilena+CoreDataModel.swift (in target 'Marilena' from project 'Marilena')
    cd /Users/mariomoschetta/Downloads/Marilena
    

SwiftCompile normal arm64 /Users/mariomoschetta/Downloads/Marilena/DerivedData/Build/Intermediates.noindex/Marilena.build/Debug-iphonesimulator/Marilena.build/DerivedSources/GeneratedAssetSymbols.swift (in target 'Marilena' from project 'Marilena')
    cd /Users/mariomoschetta/Downloads/Marilena
    

SwiftCompile normal arm64 Compiling\ EmailConfig.swift,\ EmailDetailView.swift,\ EmailListView.swift,\ EmailResponseSuggestionsView.swift,\ EmailService.swift,\ EmailSettingsView.swift,\ EnhancedEmailChatService.swift,\ EnhancedEmailChatView.swift,\ ExampleIntegration.swift,\ GroqService.swift,\ IMAPClient.swift,\ KeychainManager.swift,\ LiquidGlassCompatibility.swift,\ MarilenaApp.swift,\ ModelCatalog.swift,\ ModelPickerForCategorizationView.swift,\ ModelPickerView.swift,\ ModernComposeView.swift,\ ModernEmailAIExtensions.swift,\ ModernEmailAIFeatures.swift /Users/mariomoschetta/Downloads/Marilena/Marilena/EmailConfig.swift /Users/mariomoschetta/Downloads/Marilena/Marilena/EmailDetailView.swift /Users/mariomoschetta/Downloads/Marilena/Marilena/EmailListView.swift /Users/mariomoschetta/Downloads/Marilena/Marilena/EmailResponseSuggestionsView.swift /Users/mariomoschetta/Downloads/Marilena/Marilena/EmailService.swift /Users/mariomoschetta/Downloads/Marilena/Marilena/EmailSettingsView.swift /Users/mariomoschetta/Downloads/Marilena/Marilena/EnhancedEmailChatService.swift /Users/mariomoschetta/Downloads/Marilena/Marilena/EnhancedEmailChatView.swift /Users/mariomoschetta/Downloads/Marilena/Marilena/ExampleIntegration.swift /Users/mariomoschetta/Downloads/Marilena/Marilena/GroqService.swift /Users/mariomoschetta/Downloads/Marilena/Marilena/IMAPClient.swift /Users/mariomoschetta/Downloads/Marilena/Marilena/KeychainManager.swift /Users/mariomoschetta/Downloads/Marilena/Marilena/LiquidGlassCompatibility.swift /Users/mariomoschetta/Downloads/Marilena/Marilena/MarilenaApp.swift /Users/mariomoschetta/Downloads/Marilena/Marilena/ModelCatalog.swift /Users/mariomoschetta/Downloads/Marilena/Marilena/ModelPickerForCategorizationView.swift /Users/mariomoschetta/Downloads/Marilena/Marilena/ModelPickerView.swift /Users/mariomoschetta/Downloads/Marilena/Marilena/ModernComposeView.swift /Users/mariomoschetta/Downloads/Marilena/Marilena/ModernEmailAIExtensions.swift /Users/mariomoschetta/Downloads/Marilena/Marilena/ModernEmailAIFeatures.swift (in target 'Marilena' from project 'Marilena')
SwiftCompile normal arm64 /Users/mariomoschetta/Downloads/Marilena/Marilena/EmailConfig.swift (in target 'Marilena' from project 'Marilena')
    cd /Users/mariomoschetta/Downloads/Marilena
    

SwiftCompile normal arm64 /Users/mariomoschetta/Downloads/Marilena/Marilena/EmailDetailView.swift (in target 'Marilena' from project 'Marilena')
    cd /Users/mariomoschetta/Downloads/Marilena
    
/Users/mariomoschetta/Downloads/Marilena/Marilena/EmailDetailView.swift:76:33: warning: no 'async' operations occur within 'await' expression
                                await emailService.disconnect()
                                ^

SwiftCompile normal arm64 /Users/mariomoschetta/Downloads/Marilena/Marilena/EmailListView.swift (in target 'Marilena' from project 'Marilena')
    cd /Users/mariomoschetta/Downloads/Marilena
    

SwiftCompile normal arm64 /Users/mariomoschetta/Downloads/Marilena/Marilena/EmailResponseSuggestionsView.swift (in target 'Marilena' from project 'Marilena')
    cd /Users/mariomoschetta/Downloads/Marilena
    

SwiftCompile normal arm64 /Users/mariomoschetta/Downloads/Marilena/Marilena/EmailService.swift (in target 'Marilena' from project 'Marilena')
    cd /Users/mariomoschetta/Downloads/Marilena
    
/Users/mariomoschetta/Downloads/Marilena/Marilena/EmailService.swift:551:17: warning: no calls to throwing functions occur within 'try' expression
                try await refreshTokenIfNeeded()
                ^
/Users/mariomoschetta/Downloads/Marilena/Marilena/EmailService.swift:587:17: warning: no calls to throwing functions occur within 'try' expression
                try await refreshTokenIfNeeded()
                ^
/Users/mariomoschetta/Downloads/Marilena/Marilena/EmailService.swift:1048:9: warning: no calls to throwing functions occur within 'try' expression
        try await refreshTokenIfNeeded()
        ^
/Users/mariomoschetta/Downloads/Marilena/Marilena/EmailService.swift:1108:21: warning: no calls to throwing functions occur within 'try' expression
                    try await refreshTokenIfNeeded()
                    ^
/Users/mariomoschetta/Downloads/Marilena/Marilena/EmailService.swift:1167:21: warning: no calls to throwing functions occur within 'try' expression
                    try await refreshTokenIfNeeded()
                    ^
/Users/mariomoschetta/Downloads/Marilena/Marilena/EmailService.swift:1230:11: warning: 'catch' block is unreachable because no errors are thrown in 'do' block
        } catch {
          ^

SwiftCompile normal arm64 /Users/mariomoschetta/Downloads/Marilena/Marilena/EmailSettingsView.swift (in target 'Marilena' from project 'Marilena')
    cd /Users/mariomoschetta/Downloads/Marilena
    

SwiftCompile normal arm64 /Users/mariomoschetta/Downloads/Marilena/Marilena/EnhancedEmailChatService.swift (in target 'Marilena' from project 'Marilena')
    cd /Users/mariomoschetta/Downloads/Marilena
    

SwiftCompile normal arm64 /Users/mariomoschetta/Downloads/Marilena/Marilena/EnhancedEmailChatView.swift (in target 'Marilena' from project 'Marilena')
    cd /Users/mariomoschetta/Downloads/Marilena
    

SwiftCompile normal arm64 /Users/mariomoschetta/Downloads/Marilena/Marilena/ExampleIntegration.swift (in target 'Marilena' from project 'Marilena')
    cd /Users/mariomoschetta/Downloads/Marilena
    

SwiftCompile normal arm64 /Users/mariomoschetta/Downloads/Marilena/Marilena/GroqService.swift (in target 'Marilena' from project 'Marilena')
    cd /Users/mariomoschetta/Downloads/Marilena
    

SwiftCompile normal arm64 /Users/mariomoschetta/Downloads/Marilena/Marilena/IMAPClient.swift (in target 'Marilena' from project 'Marilena')
    cd /Users/mariomoschetta/Downloads/Marilena
    

SwiftCompile normal arm64 /Users/mariomoschetta/Downloads/Marilena/Marilena/KeychainManager.swift (in target 'Marilena' from project 'Marilena')
    cd /Users/mariomoschetta/Downloads/Marilena
    

SwiftCompile normal arm64 /Users/mariomoschetta/Downloads/Marilena/Marilena/LiquidGlassCompatibility.swift (in target 'Marilena' from project 'Marilena')
    cd /Users/mariomoschetta/Downloads/Marilena
    

SwiftCompile normal arm64 /Users/mariomoschetta/Downloads/Marilena/Marilena/MarilenaApp.swift (in target 'Marilena' from project 'Marilena')
    cd /Users/mariomoschetta/Downloads/Marilena
    

SwiftCompile normal arm64 /Users/mariomoschetta/Downloads/Marilena/Marilena/ModelCatalog.swift (in target 'Marilena' from project 'Marilena')
    cd /Users/mariomoschetta/Downloads/Marilena
    

SwiftCompile normal arm64 /Users/mariomoschetta/Downloads/Marilena/Marilena/ModelPickerForCategorizationView.swift (in target 'Marilena' from project 'Marilena')
    cd /Users/mariomoschetta/Downloads/Marilena
    
/Users/mariomoschetta/Downloads/Marilena/Marilena/ModelPickerForCategorizationView.swift:73:18: warning: 'onChange(of:perform:)' was deprecated in iOS 17.0: Use `onChange` with a two or zero parameter action closure instead.
                .onChange(of: selectedModel) { newModel in
                 ^

SwiftCompile normal arm64 /Users/mariomoschetta/Downloads/Marilena/Marilena/ModelPickerView.swift (in target 'Marilena' from project 'Marilena')
    cd /Users/mariomoschetta/Downloads/Marilena
    
/Users/mariomoschetta/Downloads/Marilena/Marilena/ModelPickerView.swift:94:18: warning: 'onChange(of:perform:)' was deprecated in iOS 17.0: Use `onChange` with a two or zero parameter action closure instead.
                .onChange(of: modelCatalog.availableModels[provider]) { newModels in
                 ^

SwiftCompile normal arm64 /Users/mariomoschetta/Downloads/Marilena/Marilena/ModernComposeView.swift (in target 'Marilena' from project 'Marilena')
    cd /Users/mariomoschetta/Downloads/Marilena
    

SwiftCompile normal arm64 /Users/mariomoschetta/Downloads/Marilena/Marilena/ModernEmailAIExtensions.swift (in target 'Marilena' from project 'Marilena')
    cd /Users/mariomoschetta/Downloads/Marilena
    

SwiftCompile normal arm64 /Users/mariomoschetta/Downloads/Marilena/Marilena/ModernEmailAIFeatures.swift (in target 'Marilena' from project 'Marilena')
    cd /Users/mariomoschetta/Downloads/Marilena
    
/Users/mariomoschetta/Downloads/Marilena/Marilena/ModernEmailAIFeatures.swift:421:31: warning: no calls to throwing functions occur within 'try' expression
            let newAnalysis = try await aiService.analyzeEmail(email)
                              ^
/Users/mariomoschetta/Downloads/Marilena/Marilena/ModernEmailAIFeatures.swift:426:11: warning: 'catch' block is unreachable because no errors are thrown in 'do' block
        } catch {
          ^
/Users/mariomoschetta/Downloads/Marilena/Marilena/ModernEmailAIFeatures.swift:621:28: warning: no calls to throwing functions occur within 'try' expression
            if let draft = try await aiService.generateCustomResponse(for: email, basedOn: nil, withPrompt: prompt) {
                           ^
/Users/mariomoschetta/Downloads/Marilena/Marilena/ModernEmailAIFeatures.swift:626:11: warning: 'catch' block is unreachable because no errors are thrown in 'do' block
        } catch {
          ^

SwiftCompile normal arm64 Compiling\ ModularChatView.swift,\ EmailListViewModel.swift,\ NewCalendarEvent.swift,\ NewCalendarService.swift,\ CalendarGestureUtils.swift,\ EventDetailView.swift,\ NewAgendaView.swift,\ NewCalendarView.swift,\ NewDayView.swift,\ NewEventCreationView.swift,\ NewMonthView.swift,\ NewWeekView.swift,\ DailyPlannerChatView.swift,\ PlannerPromptBuilder.swift,\ TimeBlockingAgendaView.swift,\ ModificaProfiloView.swift,\ ProfiloView.swift,\ MarilenaMacTarget.swift,\ AccessibilityManager.swift,\ AIProviderManager.swift,\ AITooling.swift /Users/mariomoschetta/Downloads/Marilena/Marilena/Features/Chat/ModularChatView.swift /Users/mariomoschetta/Downloads/Marilena/Marilena/Features/Email/List/EmailListViewModel.swift /Users/mariomoschetta/Downloads/Marilena/Marilena/Features/NewCalendar/Models/NewCalendarEvent.swift /Users/mariomoschetta/Downloads/Marilena/Marilena/Features/NewCalendar/Services/NewCalendarService.swift /Users/mariomoschetta/Downloads/Marilena/Marilena/Features/NewCalendar/Utils/CalendarGestureUtils.swift /Users/mariomoschetta/Downloads/Marilena/Marilena/Features/NewCalendar/Views/EventDetailView.swift /Users/mariomoschetta/Downloads/Marilena/Marilena/Features/NewCalendar/Views/NewAgendaView.swift /Users/mariomoschetta/Downloads/Marilena/Marilena/Features/NewCalendar/Views/NewCalendarView.swift /Users/mariomoschetta/Downloads/Marilena/Marilena/Features/NewCalendar/Views/NewDayView.swift /Users/mariomoschetta/Downloads/Marilena/Marilena/Features/NewCalendar/Views/NewEventCreationView.swift /Users/mariomoschetta/Downloads/Marilena/Marilena/Features/NewCalendar/Views/NewMonthView.swift /Users/mariomoschetta/Downloads/Marilena/Marilena/Features/NewCalendar/Views/NewWeekView.swift /Users/mariomoschetta/Downloads/Marilena/Marilena/Features/Planner/DailyPlannerChatView.swift /Users/mariomoschetta/Downloads/Marilena/Marilena/Features/Planner/PlannerPromptBuilder.swift /Users/mariomoschetta/Downloads/Marilena/Marilena/Features/Planner/TimeBlockingAgendaView.swift /Users/mariomoschetta/Downloads/Marilena/Marilena/Features/Profilo/ModificaProfiloView.swift /Users/mariomoschetta/Downloads/Marilena/Marilena/Features/Profilo/ProfiloView.swift /Users/mariomoschetta/Downloads/Marilena/Marilena/macOS/MarilenaMacTarget.swift /Users/mariomoschetta/Downloads/Marilena/Marilena/AccessibilityManager.swift /Users/mariomoschetta/Downloads/Marilena/Marilena/AIProviderManager.swift /Users/mariomoschetta/Downloads/Marilena/Marilena/AITooling.swift (in target 'Marilena' from project 'Marilena')
SwiftCompile normal arm64 /Users/mariomoschetta/Downloads/Marilena/Marilena/Features/Chat/ModularChatView.swift (in target 'Marilena' from project 'Marilena')
    cd /Users/mariomoschetta/Downloads/Marilena
    
/Users/mariomoschetta/Downloads/Marilena/Marilena/Features/Chat/GeneralChatToolHandler.swift:20:127: warning: main actor-isolated static property 'shared' can not be referenced from a nonisolated context; this is an error in the Swift 6 language mode
    init(calendarManager: CalendarManager, newCalendarService: NewCalendarService? = nil, reminderService: ReminderService = .shared, context: NSManagedObjectContext) {
                                                                                                                              ^
/Users/mariomoschetta/Downloads/Marilena/Marilena/Features/Calendar/ReminderService.swift:22:23: note: static property declared here
    public static let shared = ReminderService()
                      ^
/Users/mariomoschetta/Downloads/Marilena/Marilena/Features/Chat/ModularChatView.swift:1013:43: warning: 'main' was deprecated in iOS 26.0: Use a UIScreen instance found through context instead (i.e, view.window.windowScene.screen), or for properties like UIScreen.scale with trait equivalents, use a traitCollection found through context.
        let textWidth: CGFloat = UIScreen.main.bounds.width - 120 // Larghezza disponibile per il testo
                                          ^
/Users/mariomoschetta/Downloads/Marilena/Marilena/Features/Chat/ModularChatView.swift:1998:64: warning: 'main' was deprecated in iOS 26.0: Use a UIScreen instance found through context instead (i.e, view.window.windowScene.screen), or for properties like UIScreen.scale with trait equivalents, use a traitCollection found through context.
                                    .frame(minHeight: UIScreen.main.bounds.height * 0.6)
                                                               ^
/Users/mariomoschetta/Downloads/Marilena/Marilena/Features/Chat/ModularChatView.swift:2016:68: warning: 'main' was deprecated in iOS 26.0: Use a UIScreen instance found through context instead (i.e, view.window.windowScene.screen), or for properties like UIScreen.scale with trait equivalents, use a traitCollection found through context.
                                        .frame(minHeight: UIScreen.main.bounds.height * 0.6)
                                                                   ^

SwiftCompile normal arm64 /Users/mariomoschetta/Downloads/Marilena/Marilena/Features/Email/List/EmailListViewModel.swift (in target 'Marilena' from project 'Marilena')
    cd /Users/mariomoschetta/Downloads/Marilena
    
/Users/mariomoschetta/Downloads/Marilena/Marilena/Features/Email/List/EmailListViewModel.swift:67:20: warning: value 'cached' was defined but never used; consider replacing with boolean test
            if let cached = cacheManager.getEmail(id: email.id) {
               ~~~~^~~~~~~~~
                                                                != nil

SwiftCompile normal arm64 /Users/mariomoschetta/Downloads/Marilena/Marilena/Features/NewCalendar/Models/NewCalendarEvent.swift (in target 'Marilena' from project 'Marilena')
    cd /Users/mariomoschetta/Downloads/Marilena
    

SwiftCompile normal arm64 /Users/mariomoschetta/Downloads/Marilena/Marilena/Features/NewCalendar/Services/NewCalendarService.swift (in target 'Marilena' from project 'Marilena')
    cd /Users/mariomoschetta/Downloads/Marilena
    
/Users/mariomoschetta/Downloads/Marilena/Marilena/Features/NewCalendar/Services/NewCalendarService.swift:342:11: warning: 'catch' block is unreachable because no errors are thrown in 'do' block
        } catch {
          ^
/Users/mariomoschetta/Downloads/Marilena/Marilena/Features/NewCalendar/Services/NewCalendarService.swift:1111:92: warning: left side of nil coalescing operator '??' has non-optional type 'String', so the right side is never used
            attendees: event.attendees.map { Attendee(name: $0.name ?? "", email: $0.email ?? "") },
                                                                                  ~~~~~~~~~^~~~~
                                                                                          
/Users/mariomoschetta/Downloads/Marilena/Marilena/Features/NewCalendar/Services/NewCalendarService.swift:1127:79: warning: left side of nil coalescing operator '??' has non-optional type 'String', so the right side is never used
            attendees: event.attendees.map { CalendarAttendee(email: $0.email ?? "", name: $0.name) },
                                                                     ~~~~~~~~~^~~~~
                                                                             

SwiftCompile normal arm64 /Users/mariomoschetta/Downloads/Marilena/Marilena/Features/NewCalendar/Utils/CalendarGestureUtils.swift (in target 'Marilena' from project 'Marilena')
    cd /Users/mariomoschetta/Downloads/Marilena
    

SwiftCompile normal arm64 /Users/mariomoschetta/Downloads/Marilena/Marilena/Features/NewCalendar/Views/EventDetailView.swift (in target 'Marilena' from project 'Marilena')
    cd /Users/mariomoschetta/Downloads/Marilena
    

SwiftCompile normal arm64 /Users/mariomoschetta/Downloads/Marilena/Marilena/Features/NewCalendar/Views/NewAgendaView.swift (in target 'Marilena' from project 'Marilena')
    cd /Users/mariomoschetta/Downloads/Marilena
    

SwiftCompile normal arm64 /Users/mariomoschetta/Downloads/Marilena/Marilena/Features/NewCalendar/Views/NewCalendarView.swift (in target 'Marilena' from project 'Marilena')
    cd /Users/mariomoschetta/Downloads/Marilena
    

SwiftCompile normal arm64 /Users/mariomoschetta/Downloads/Marilena/Marilena/Features/NewCalendar/Views/NewDayView.swift (in target 'Marilena' from project 'Marilena')
    cd /Users/mariomoschetta/Downloads/Marilena
    

SwiftCompile normal arm64 /Users/mariomoschetta/Downloads/Marilena/Marilena/Features/NewCalendar/Views/NewEventCreationView.swift (in target 'Marilena' from project 'Marilena')
    cd /Users/mariomoschetta/Downloads/Marilena
    
/Users/mariomoschetta/Downloads/Marilena/Marilena/Features/NewCalendar/Views/NewEventCreationView.swift:111:26: warning: 'onChange(of:perform:)' was deprecated in iOS 17.0: Use `onChange` with a two or zero parameter action closure instead.
                        .onChange(of: naturalLanguageText) { newValue in
                         ^

SwiftCompile normal arm64 /Users/mariomoschetta/Downloads/Marilena/Marilena/Features/NewCalendar/Views/NewMonthView.swift (in target 'Marilena' from project 'Marilena')
    cd /Users/mariomoschetta/Downloads/Marilena
    

SwiftCompile normal arm64 /Users/mariomoschetta/Downloads/Marilena/Marilena/Features/NewCalendar/Views/NewWeekView.swift (in target 'Marilena' from project 'Marilena')
    cd /Users/mariomoschetta/Downloads/Marilena
    
/Users/mariomoschetta/Downloads/Marilena/Marilena/Features/NewCalendar/Views/NewWeekView.swift:84:24: warning: value 'event' was defined but never used; consider replacing with boolean test
                if let event = calendarService.selectedEvent {
                   ~~~~^~~~~~~~
                                                             != nil
/Users/mariomoschetta/Downloads/Marilena/Marilena/Features/NewCalendar/Views/NewWeekView.swift:231:13: warning: initialization of immutable value 'dayWidth' was never used; consider replacing with assignment to '_' or removing it
        let dayWidth = (width - 50) / 7
        ~~~~^~~~~~~~
        _
/Users/mariomoschetta/Downloads/Marilena/Marilena/Features/NewCalendar/Views/NewWeekView.swift:303:13: warning: initialization of immutable value 'targetY' was never used; consider replacing with assignment to '_' or removing it
        let targetY = CGFloat(max(0, hour - 2)) * hourHeight
        ~~~~^~~~~~~
        _

SwiftCompile normal arm64 /Users/mariomoschetta/Downloads/Marilena/Marilena/Features/Planner/DailyPlannerChatView.swift (in target 'Marilena' from project 'Marilena')
    cd /Users/mariomoschetta/Downloads/Marilena
    

SwiftCompile normal arm64 /Users/mariomoschetta/Downloads/Marilena/Marilena/Features/Planner/PlannerPromptBuilder.swift (in target 'Marilena' from project 'Marilena')
    cd /Users/mariomoschetta/Downloads/Marilena
    
/Users/mariomoschetta/Downloads/Marilena/Marilena/Features/Planner/PlannerPromptBuilder.swift:21:45: warning: main actor-isolated static property 'shared' can not be referenced from a nonisolated context; this is an error in the Swift 6 language mode
        reminderService: ReminderService = .shared,
                                            ^
/Users/mariomoschetta/Downloads/Marilena/Marilena/Features/Calendar/ReminderService.swift:22:23: note: static property declared here
    public static let shared = ReminderService()
                      ^

SwiftCompile normal arm64 /Users/mariomoschetta/Downloads/Marilena/Marilena/Features/Planner/TimeBlockingAgendaView.swift (in target 'Marilena' from project 'Marilena')
    cd /Users/mariomoschetta/Downloads/Marilena
    
/Users/mariomoschetta/Downloads/Marilena/Marilena/Features/Planner/TimeBlockingAgendaView.swift:24:87: warning: main actor-isolated static property 'shared' can not be referenced from a nonisolated context; this is an error in the Swift 6 language mode
    public init(calendarManager: CalendarManager, reminderService: ReminderService = .shared) {
                                                                                      ^
/Users/mariomoschetta/Downloads/Marilena/Marilena/Features/Calendar/ReminderService.swift:22:23: note: static property declared here
    public static let shared = ReminderService()
                      ^

SwiftCompile normal arm64 /Users/mariomoschetta/Downloads/Marilena/Marilena/Features/Profilo/ModificaProfiloView.swift (in target 'Marilena' from project 'Marilena')
    cd /Users/mariomoschetta/Downloads/Marilena
    

SwiftCompile normal arm64 /Users/mariomoschetta/Downloads/Marilena/Marilena/Features/Profilo/ProfiloView.swift (in target 'Marilena' from project 'Marilena')
    cd /Users/mariomoschetta/Downloads/Marilena
    

SwiftCompile normal arm64 /Users/mariomoschetta/Downloads/Marilena/Marilena/macOS/MarilenaMacTarget.swift (in target 'Marilena' from project 'Marilena')
    cd /Users/mariomoschetta/Downloads/Marilena
    

SwiftCompile normal arm64 /Users/mariomoschetta/Downloads/Marilena/Marilena/AccessibilityManager.swift (in target 'Marilena' from project 'Marilena')
    cd /Users/mariomoschetta/Downloads/Marilena
    
/Users/mariomoschetta/Downloads/Marilena/Marilena/AccessibilityManager.swift:178:21: warning: reference to captured var 'self' in concurrently-executing code; this is an error in the Swift 6 language mode
                    self?.isVoiceOverEnabled = UIAccessibility.isVoiceOverRunning
                    ^
/Users/mariomoschetta/Downloads/Marilena/Marilena/AccessibilityManager.swift:192:21: warning: reference to captured var 'self' in concurrently-executing code; this is an error in the Swift 6 language mode
                    self?.isDynamicTypeEnabled = UIApplication.shared.preferredContentSizeCategory.isAccessibilityCategory
                    ^
/Users/mariomoschetta/Downloads/Marilena/Marilena/AccessibilityManager.swift:193:21: warning: reference to captured var 'self' in concurrently-executing code; this is an error in the Swift 6 language mode
                    self?.preferredContentSizeCategory = ContentSizeCategory(UIApplication.shared.preferredContentSizeCategory)
                    ^
/Users/mariomoschetta/Downloads/Marilena/Marilena/AccessibilityManager.swift:207:21: warning: reference to captured var 'self' in concurrently-executing code; this is an error in the Swift 6 language mode
                    self?.isReduceMotionEnabled = UIAccessibility.isReduceMotionEnabled
                    ^
/Users/mariomoschetta/Downloads/Marilena/Marilena/AccessibilityManager.swift:221:21: warning: reference to captured var 'self' in concurrently-executing code; this is an error in the Swift 6 language mode
                    self?.isReduceTransparencyEnabled = UIAccessibility.isReduceTransparencyEnabled
                    ^

SwiftCompile normal arm64 /Users/mariomoschetta/Downloads/Marilena/Marilena/AIProviderManager.swift (in target 'Marilena' from project 'Marilena')
    cd /Users/mariomoschetta/Downloads/Marilena
    
/Users/mariomoschetta/Downloads/Marilena/Marilena/AIProviderManager.swift:18:23: warning: main actor-isolated conformance of 'AIProviderManager.ChatProvider' to 'Hashable' cannot be used in nonisolated context; this is an error in the Swift 6 language mode
                self?.temporarilyUnavailableChatProviders.removeAll()
                      ^
/Users/mariomoschetta/Downloads/Marilena/Marilena/AIProviderManager.swift:18:59: warning: main actor-isolated conformance of 'AIProviderManager.ChatProvider' to 'Hashable' cannot be used in nonisolated context; this is an error in the Swift 6 language mode
                self?.temporarilyUnavailableChatProviders.removeAll()
                                                          ^
/Users/mariomoschetta/Downloads/Marilena/Marilena/AIProviderManager.swift:136:44: warning: main actor-isolated conformance of 'AIProviderManager.ChatProvider' to 'Hashable' cannot be used in nonisolated context; this is an error in the Swift 6 language mode
                self.cachedStreamingClients[provider] = client
                                           ^
/Users/mariomoschetta/Downloads/Marilena/Marilena/AIProviderManager.swift:136:22: warning: main actor-isolated conformance of 'AIProviderManager.ChatProvider' to 'Hashable' cannot be used in nonisolated context; this is an error in the Swift 6 language mode
                self.cachedStreamingClients[provider] = client
                     ^
/Users/mariomoschetta/Downloads/Marilena/Marilena/AIProviderManager.swift:145:18: warning: main actor-isolated conformance of 'AIProviderManager.ChatProvider' to 'Hashable' cannot be used in nonisolated context; this is an error in the Swift 6 language mode
            self.cachedStreamingClients.removeAll()
                 ^
/Users/mariomoschetta/Downloads/Marilena/Marilena/AIProviderManager.swift:145:41: warning: main actor-isolated conformance of 'AIProviderManager.ChatProvider' to 'Hashable' cannot be used in nonisolated context; this is an error in the Swift 6 language mode
            self.cachedStreamingClients.removeAll()
                                        ^
/Users/mariomoschetta/Downloads/Marilena/Marilena/AIProviderManager.swift:288:18: warning: main actor-isolated conformance of 'AIProviderManager.ChatProvider' to 'Hashable' cannot be used in nonisolated context; this is an error in the Swift 6 language mode
            self.temporarilyUnavailableChatProviders.insert(provider)
                 ^
/Users/mariomoschetta/Downloads/Marilena/Marilena/AIProviderManager.swift:288:54: warning: main actor-isolated conformance of 'AIProviderManager.ChatProvider' to 'Hashable' cannot be used in nonisolated context; this is an error in the Swift 6 language mode
            self.temporarilyUnavailableChatProviders.insert(provider)
                                                     ^
/Users/mariomoschetta/Downloads/Marilena/Marilena/AIProviderManager.swift:294:18: warning: main actor-isolated conformance of 'AIProviderManager.ChatProvider' to 'Hashable' cannot be used in nonisolated context; this is an error in the Swift 6 language mode
            self.temporarilyUnavailableChatProviders.remove(provider)
                 ^
/Users/mariomoschetta/Downloads/Marilena/Marilena/AIProviderManager.swift:294:54: warning: main actor-isolated conformance of 'AIProviderManager.ChatProvider' to 'Hashable' cannot be used in nonisolated context; this is an error in the Swift 6 language mode
            self.temporarilyUnavailableChatProviders.remove(provider)
                                                     ^

SwiftCompile normal arm64 /Users/mariomoschetta/Downloads/Marilena/Marilena/AITooling.swift (in target 'Marilena' from project 'Marilena')
    cd /Users/mariomoschetta/Downloads/Marilena
    

SwiftCompile normal arm64 Compiling\ AnthropicService.swift,\ AppleIntelligenceService.swift,\ AppleMailCloneView.swift,\ AppleMailDetailView.swift,\ AppleMailStyleComponents.swift,\ AudioRecorderView.swift,\ CloudflareGatewayClient.swift,\ ContactAutoCompleteService.swift,\ ContentView.swift,\ ContestoAIService.swift,\ CoreDataExtensions.swift,\ DeepSeekService.swift,\ EmailAIService.swift,\ EmailCacheService.swift,\ EmailCategorizationConfig.swift,\ EmailCategorizationMonitor.swift,\ EmailCategorizationService.swift,\ EmailCategorizationStatsView.swift,\ EmailChatService.swift,\ EmailChatView.swift /Users/mariomoschetta/Downloads/Marilena/Marilena/AnthropicService.swift /Users/mariomoschetta/Downloads/Marilena/Marilena/AppleIntelligenceService.swift /Users/mariomoschetta/Downloads/Marilena/Marilena/AppleMailCloneView.swift /Users/mariomoschetta/Downloads/Marilena/Marilena/AppleMailDetailView.swift /Users/mariomoschetta/Downloads/Marilena/Marilena/AppleMailStyleComponents.swift /Users/mariomoschetta/Downloads/Marilena/Marilena/AudioRecorderView.swift /Users/mariomoschetta/Downloads/Marilena/Marilena/CloudflareGatewayClient.swift /Users/mariomoschetta/Downloads/Marilena/Marilena/ContactAutoCompleteService.swift /Users/mariomoschetta/Downloads/Marilena/Marilena/ContentView.swift /Users/mariomoschetta/Downloads/Marilena/Marilena/ContestoAIService.swift /Users/mariomoschetta/Downloads/Marilena/Marilena/CoreDataExtensions.swift /Users/mariomoschetta/Downloads/Marilena/Marilena/DeepSeekService.swift /Users/mariomoschetta/Downloads/Marilena/Marilena/EmailAIService.swift /Users/mariomoschetta/Downloads/Marilena/Marilena/EmailCacheService.swift /Users/mariomoschetta/Downloads/Marilena/Marilena/EmailCategorizationConfig.swift /Users/mariomoschetta/Downloads/Marilena/Marilena/EmailCategorizationMonitor.swift /Users/mariomoschetta/Downloads/Marilena/Marilena/EmailCategorizationService.swift /Users/mariomoschetta/Downloads/Marilena/Marilena/EmailCategorizationStatsView.swift /Users/mariomoschetta/Downloads/Marilena/Marilena/EmailChatService.swift /Users/mariomoschetta/Downloads/Marilena/Marilena/EmailChatView.swift (in target 'Marilena' from project 'Marilena')
SwiftCompile normal arm64 /Users/mariomoschetta/Downloads/Marilena/Marilena/AnthropicService.swift (in target 'Marilena' from project 'Marilena')
    cd /Users/mariomoschetta/Downloads/Marilena
    
/Users/mariomoschetta/Downloads/Marilena/Marilena/AnthropicService.swift:192:59: warning: main actor-isolated conformance of 'AnthropicResponse' to 'Decodable' cannot be used in nonisolated context; this is an error in the Swift 6 language mode
                let anthropicResponse = try JSONDecoder().decode(AnthropicResponse.self, from: data)
                                                          ^
/Users/mariomoschetta/Downloads/Marilena/Marilena/AnthropicService.swift:196:63: warning: call to main actor-isolated instance method 'parseResponse(_:model:)' in a synchronous nonisolated context
                let thinkingResponse = ThinkingManager.shared.parseResponse(responseText, model: model)
                                                              ^
/Users/mariomoschetta/Downloads/Marilena/Marilena/Core/ThinkingManager.swift:74:17: note: calls to instance method 'parseResponse(_:model:)' from outside of its actor context are implicitly asynchronous
    public func parseResponse(_ content: String, model: String) -> ThinkingResponse {
                ^
/Users/mariomoschetta/Downloads/Marilena/Marilena/AnthropicService.swift:196:56: warning: main actor-isolated static property 'shared' can not be referenced from a Sendable closure
                let thinkingResponse = ThinkingManager.shared.parseResponse(responseText, model: model)
                                                       ^
/Users/mariomoschetta/Downloads/Marilena/Marilena/Core/ThinkingManager.swift:25:23: note: static property declared here
    public static let shared = ThinkingManager()
                      ^

SwiftCompile normal arm64 /Users/mariomoschetta/Downloads/Marilena/Marilena/AppleIntelligenceService.swift (in target 'Marilena' from project 'Marilena')
    cd /Users/mariomoschetta/Downloads/Marilena
    
/Users/mariomoschetta/Downloads/Marilena/Marilena/AppleIntelligenceService.swift:111:55: warning: call to main actor-isolated initializer 'init(instructions:temperature:maxOutputTokens:)' in a synchronous nonisolated context
        configuration: AppleGenerationConfiguration = AppleGenerationConfiguration()
                                                      ^
/Users/mariomoschetta/Downloads/Marilena/Marilena/AppleIntelligenceService.swift:62:12: note: calls to initializer 'init(instructions:temperature:maxOutputTokens:)' from outside of its actor context are implicitly asynchronous
    public init(
           ^

SwiftCompile normal arm64 /Users/mariomoschetta/Downloads/Marilena/Marilena/AppleMailCloneView.swift (in target 'Marilena' from project 'Marilena')
    cd /Users/mariomoschetta/Downloads/Marilena
    

SwiftCompile normal arm64 /Users/mariomoschetta/Downloads/Marilena/Marilena/AppleMailDetailView.swift (in target 'Marilena' from project 'Marilena')
    cd /Users/mariomoschetta/Downloads/Marilena
    

SwiftCompile normal arm64 /Users/mariomoschetta/Downloads/Marilena/Marilena/AppleMailStyleComponents.swift (in target 'Marilena' from project 'Marilena')
    cd /Users/mariomoschetta/Downloads/Marilena
    

SwiftCompile normal arm64 /Users/mariomoschetta/Downloads/Marilena/Marilena/AudioRecorderView.swift (in target 'Marilena' from project 'Marilena')
    cd /Users/mariomoschetta/Downloads/Marilena
    

SwiftCompile normal arm64 /Users/mariomoschetta/Downloads/Marilena/Marilena/CloudflareGatewayClient.swift (in target 'Marilena' from project 'Marilena')
    cd /Users/mariomoschetta/Downloads/Marilena
    

SwiftCompile normal arm64 /Users/mariomoschetta/Downloads/Marilena/Marilena/ContactAutoCompleteService.swift (in target 'Marilena' from project 'Marilena')
    cd /Users/mariomoschetta/Downloads/Marilena
    
/Users/mariomoschetta/Downloads/Marilena/Marilena/ContactAutoCompleteService.swift:135:17: warning: reference to captured var 'self' in concurrently-executing code; this is an error in the Swift 6 language mode
                self?.updateContactCache()
                ^

SwiftCompile normal arm64 /Users/mariomoschetta/Downloads/Marilena/Marilena/ContentView.swift (in target 'Marilena' from project 'Marilena')
    cd /Users/mariomoschetta/Downloads/Marilena
    

SwiftCompile normal arm64 /Users/mariomoschetta/Downloads/Marilena/Marilena/ContestoAIService.swift (in target 'Marilena' from project 'Marilena')
    cd /Users/mariomoschetta/Downloads/Marilena
    

SwiftCompile normal arm64 /Users/mariomoschetta/Downloads/Marilena/Marilena/CoreDataExtensions.swift (in target 'Marilena' from project 'Marilena')
    cd /Users/mariomoschetta/Downloads/Marilena
    

SwiftCompile normal arm64 /Users/mariomoschetta/Downloads/Marilena/Marilena/DeepSeekService.swift (in target 'Marilena' from project 'Marilena')
    cd /Users/mariomoschetta/Downloads/Marilena
    

SwiftCompile normal arm64 /Users/mariomoschetta/Downloads/Marilena/Marilena/EmailAIService.swift (in target 'Marilena' from project 'Marilena')
    cd /Users/mariomoschetta/Downloads/Marilena
    

SwiftCompile normal arm64 /Users/mariomoschetta/Downloads/Marilena/Marilena/EmailCacheService.swift (in target 'Marilena' from project 'Marilena')
    cd /Users/mariomoschetta/Downloads/Marilena
    

SwiftCompile normal arm64 /Users/mariomoschetta/Downloads/Marilena/Marilena/EmailCategorizationConfig.swift (in target 'Marilena' from project 'Marilena')
    cd /Users/mariomoschetta/Downloads/Marilena
    

SwiftCompile normal arm64 /Users/mariomoschetta/Downloads/Marilena/Marilena/EmailCategorizationMonitor.swift (in target 'Marilena' from project 'Marilena')
    cd /Users/mariomoschetta/Downloads/Marilena
    

SwiftCompile normal arm64 /Users/mariomoschetta/Downloads/Marilena/Marilena/EmailCategorizationService.swift (in target 'Marilena' from project 'Marilena')
    cd /Users/mariomoschetta/Downloads/Marilena
    

SwiftCompile normal arm64 /Users/mariomoschetta/Downloads/Marilena/Marilena/EmailCategorizationStatsView.swift (in target 'Marilena' from project 'Marilena')
    cd /Users/mariomoschetta/Downloads/Marilena
    
/Users/mariomoschetta/Downloads/Marilena/Marilena/EmailCategorizationStatsView.swift:99:17: warning: '+' was deprecated in iOS 26.0: Use string interpolation on `Text` instead: `Text("Hello \(name)")`
                + Text(" email categorizzate")
                ^

SwiftCompile normal arm64 /Users/mariomoschetta/Downloads/Marilena/Marilena/EmailChatService.swift (in target 'Marilena' from project 'Marilena')
    cd /Users/mariomoschetta/Downloads/Marilena
    
/Users/mariomoschetta/Downloads/Marilena/Marilena/EmailChatService.swift:415:11: warning: 'catch' block is unreachable because no errors are thrown in 'do' block
        } catch {
          ^

SwiftCompile normal arm64 /Users/mariomoschetta/Downloads/Marilena/Marilena/EmailChatView.swift (in target 'Marilena' from project 'Marilena')
    cd /Users/mariomoschetta/Downloads/Marilena
    
/Users/mariomoschetta/Downloads/Marilena/Marilena/EmailChatView.swift:166:20: warning: value 'analysis' was defined but never used; consider replacing with boolean test
            if let analysis = threadAnalysis {
               ~~~~^~~~~~~~~~~
                                             != nil

SwiftCompile normal arm64 Compiling\ ServiceProtocols.swift,\ ChatMessage.swift,\ Profilo.swift,\ EmailAccountMigration.swift,\ EmailAccountManager.swift,\ EmailAuthService.swift,\ EmailCacheManager.swift,\ EmailNetworkService.swift,\ EmailThreadingManager.swift,\ RefactoredEmailService.swift,\ Color+Hex.swift,\ AppPerformanceMetrics.swift,\ DeferredInitializationService.swift,\ PerformanceSignpost.swift,\ ChatRepository.swift,\ EmailRepository.swift,\ MemoryCacheService.swift,\ OpenAIToolCallingOrchestrator.swift,\ TranscriptionContextService.swift,\ Haptics.swift,\ LongPressLocationOverlay.swift /Users/mariomoschetta/Downloads/Marilena/Marilena/Core/DependencyInjection/ServiceProtocols.swift /Users/mariomoschetta/Downloads/Marilena/Marilena/Core/Domain/Entities/ChatMessage.swift /Users/mariomoschetta/Downloads/Marilena/Marilena/Core/Domain/Entities/Profilo.swift /Users/mariomoschetta/Downloads/Marilena/Marilena/Core/Email/Migrations/EmailAccountMigration.swift /Users/mariomoschetta/Downloads/Marilena/Marilena/Core/Email/Models/EmailAccountManager.swift /Users/mariomoschetta/Downloads/Marilena/Marilena/Core/Email/Services/EmailAuthService.swift /Users/mariomoschetta/Downloads/Marilena/Marilena/Core/Email/Services/EmailCacheManager.swift /Users/mariomoschetta/Downloads/Marilena/Marilena/Core/Email/Services/EmailNetworkService.swift /Users/mariomoschetta/Downloads/Marilena/Marilena/Core/Email/Services/EmailThreadingManager.swift /Users/mariomoschetta/Downloads/Marilena/Marilena/Core/Email/Services/RefactoredEmailService.swift /Users/mariomoschetta/Downloads/Marilena/Marilena/Core/Extensions/Color+Hex.swift /Users/mariomoschetta/Downloads/Marilena/Marilena/Core/Performance/AppPerformanceMetrics.swift /Users/mariomoschetta/Downloads/Marilena/Marilena/Core/Performance/DeferredInitializationService.swift /Users/mariomoschetta/Downloads/Marilena/Marilena/Core/Performance/PerformanceSignpost.swift /Users/mariomoschetta/Downloads/Marilena/Marilena/Core/Repository/ChatRepository.swift /Users/mariomoschetta/Downloads/Marilena/Marilena/Core/Repository/EmailRepository.swift /Users/mariomoschetta/Downloads/Marilena/Marilena/Core/Repository/MemoryCacheService.swift /Users/mariomoschetta/Downloads/Marilena/Marilena/Core/Tooling/OpenAIToolCallingOrchestrator.swift /Users/mariomoschetta/Downloads/Marilena/Marilena/Core/Tooling/TranscriptionContextService.swift /Users/mariomoschetta/Downloads/Marilena/Marilena/Core/UX/Haptics.swift /Users/mariomoschetta/Downloads/Marilena/Marilena/Core/UX/LongPressLocationOverlay.swift (in target 'Marilena' from project 'Marilena')

SwiftCompile normal arm64 /Users/mariomoschetta/Downloads/Marilena/Marilena/Core/DependencyInjection/ServiceProtocols.swift (in target 'Marilena' from project 'Marilena')
    cd /Users/mariomoschetta/Downloads/Marilena
    

SwiftCompile normal arm64 /Users/mariomoschetta/Downloads/Marilena/Marilena/Core/Domain/Entities/ChatMessage.swift (in target 'Marilena' from project 'Marilena')
    cd /Users/mariomoschetta/Downloads/Marilena
    

SwiftCompile normal arm64 /Users/mariomoschetta/Downloads/Marilena/Marilena/Core/Domain/Entities/Profilo.swift (in target 'Marilena' from project 'Marilena')
    cd /Users/mariomoschetta/Downloads/Marilena
    

SwiftCompile normal arm64 /Users/mariomoschetta/Downloads/Marilena/Marilena/Core/Email/Migrations/EmailAccountMigration.swift (in target 'Marilena' from project 'Marilena')
    cd /Users/mariomoschetta/Downloads/Marilena
    

SwiftCompile normal arm64 /Users/mariomoschetta/Downloads/Marilena/Marilena/Core/Email/Models/EmailAccountManager.swift (in target 'Marilena' from project 'Marilena')
    cd /Users/mariomoschetta/Downloads/Marilena
    

SwiftCompile normal arm64 /Users/mariomoschetta/Downloads/Marilena/Marilena/Core/Email/Services/EmailAuthService.swift (in target 'Marilena' from project 'Marilena')
    cd /Users/mariomoschetta/Downloads/Marilena
    

SwiftCompile normal arm64 /Users/mariomoschetta/Downloads/Marilena/Marilena/Core/Email/Services/EmailCacheManager.swift (in target 'Marilena' from project 'Marilena')
    cd /Users/mariomoschetta/Downloads/Marilena
    
/Users/mariomoschetta/Downloads/Marilena/Marilena/Core/Email/Services/EmailCacheManager.swift:104:41: warning: main actor-isolated property 'context' can not be referenced from a Sendable closure
                let existing = try self.context.fetch(fetchRequest)
                                        ^
/Users/mariomoschetta/Downloads/Marilena/Marilena/Core/Email/Services/EmailCacheManager.swift:18:17: note: property declared here
    private var context: NSManagedObjectContext {
                ^
/Users/mariomoschetta/Downloads/Marilena/Marilena/Core/Email/Services/EmailCacheManager.swift:108:91: warning: main actor-isolated property 'context' can not be referenced from a nonisolated autoclosure
                    let cachedEmail = existingDict[email.id] ?? CachedEmail(context: self.context)
                                                                                          ^
/Users/mariomoschetta/Downloads/Marilena/Marilena/Core/Email/Services/EmailCacheManager.swift:18:17: note: property declared here
    private var context: NSManagedObjectContext {
                ^
/Users/mariomoschetta/Downloads/Marilena/Marilena/Core/Email/Services/EmailCacheManager.swift:109:26: warning: call to main actor-isolated instance method 'updateCachedEmail(_:with:)' in a synchronous nonisolated context
                    self.updateCachedEmail(cachedEmail, with: email)
                         ^
/Users/mariomoschetta/Downloads/Marilena/Marilena/Core/Email/Services/EmailCacheManager.swift:263:18: note: calls to instance method 'updateCachedEmail(_:with:)' from outside of its actor context are implicitly asynchronous
    private func updateCachedEmail(_ cached: CachedEmail, with email: EmailMessage) {
                 ^
/Users/mariomoschetta/Downloads/Marilena/Marilena/Core/Email/Services/EmailCacheManager.swift:117:25: warning: main actor-isolated property 'context' can not be referenced from a Sendable closure
                if self.context.hasChanges {
                        ^
/Users/mariomoschetta/Downloads/Marilena/Marilena/Core/Email/Services/EmailCacheManager.swift:18:17: note: property declared here
    private var context: NSManagedObjectContext {
                ^
/Users/mariomoschetta/Downloads/Marilena/Marilena/Core/Email/Services/EmailCacheManager.swift:118:30: warning: main actor-isolated property 'context' can not be referenced from a Sendable closure
                    try self.context.save()
                             ^
/Users/mariomoschetta/Downloads/Marilena/Marilena/Core/Email/Services/EmailCacheManager.swift:18:17: note: property declared here
    private var context: NSManagedObjectContext {
                ^

SwiftCompile normal arm64 /Users/mariomoschetta/Downloads/Marilena/Marilena/Core/Email/Services/EmailNetworkService.swift (in target 'Marilena' from project 'Marilena')
    cd /Users/mariomoschetta/Downloads/Marilena
    

SwiftCompile normal arm64 /Users/mariomoschetta/Downloads/Marilena/Marilena/Core/Email/Services/EmailThreadingManager.swift (in target 'Marilena' from project 'Marilena')
    cd /Users/mariomoschetta/Downloads/Marilena
    

SwiftCompile normal arm64 /Users/mariomoschetta/Downloads/Marilena/Marilena/Core/Email/Services/RefactoredEmailService.swift (in target 'Marilena' from project 'Marilena')
    cd /Users/mariomoschetta/Downloads/Marilena
    

SwiftCompile normal arm64 /Users/mariomoschetta/Downloads/Marilena/Marilena/Core/Extensions/Color+Hex.swift (in target 'Marilena' from project 'Marilena')
    cd /Users/mariomoschetta/Downloads/Marilena
    

SwiftCompile normal arm64 /Users/mariomoschetta/Downloads/Marilena/Marilena/Core/Performance/AppPerformanceMetrics.swift (in target 'Marilena' from project 'Marilena')
    cd /Users/mariomoschetta/Downloads/Marilena
    

SwiftCompile normal arm64 /Users/mariomoschetta/Downloads/Marilena/Marilena/Core/Performance/DeferredInitializationService.swift (in target 'Marilena' from project 'Marilena')
    cd /Users/mariomoschetta/Downloads/Marilena
    

SwiftCompile normal arm64 /Users/mariomoschetta/Downloads/Marilena/Marilena/Core/Performance/PerformanceSignpost.swift (in target 'Marilena' from project 'Marilena')
    cd /Users/mariomoschetta/Downloads/Marilena
    

SwiftCompile normal arm64 /Users/mariomoschetta/Downloads/Marilena/Marilena/Core/Repository/ChatRepository.swift (in target 'Marilena' from project 'Marilena')
    cd /Users/mariomoschetta/Downloads/Marilena
    

SwiftCompile normal arm64 /Users/mariomoschetta/Downloads/Marilena/Marilena/Core/Repository/EmailRepository.swift (in target 'Marilena' from project 'Marilena')
    cd /Users/mariomoschetta/Downloads/Marilena
    

SwiftCompile normal arm64 /Users/mariomoschetta/Downloads/Marilena/Marilena/Core/Repository/MemoryCacheService.swift (in target 'Marilena' from project 'Marilena')
    cd /Users/mariomoschetta/Downloads/Marilena
    

SwiftCompile normal arm64 /Users/mariomoschetta/Downloads/Marilena/Marilena/Core/Tooling/OpenAIToolCallingOrchestrator.swift (in target 'Marilena' from project 'Marilena')
    cd /Users/mariomoschetta/Downloads/Marilena
    

SwiftCompile normal arm64 /Users/mariomoschetta/Downloads/Marilena/Marilena/Core/Tooling/TranscriptionContextService.swift (in target 'Marilena' from project 'Marilena')
    cd /Users/mariomoschetta/Downloads/Marilena
    

SwiftCompile normal arm64 /Users/mariomoschetta/Downloads/Marilena/Marilena/Core/UX/Haptics.swift (in target 'Marilena' from project 'Marilena')
    cd /Users/mariomoschetta/Downloads/Marilena
    

SwiftCompile normal arm64 /Users/mariomoschetta/Downloads/Marilena/Marilena/Core/UX/LongPressLocationOverlay.swift (in target 'Marilena' from project 'Marilena')
    cd /Users/mariomoschetta/Downloads/Marilena
    

SwiftDriverJobDiscovery normal arm64 Compiling EmailAction+CoreDataClass.swift, EmailAction+CoreDataProperties.swift, EmailThread+CoreDataClass.swift, EmailThread+CoreDataProperties.swift, Trascrizione+CoreDataClass.swift, Trascrizione+CoreDataProperties.swift, CompletedEvent+CoreDataClass.swift, CompletedEvent+CoreDataProperties.swift, CachedCalendar+CoreDataClass.swift, CachedCalendar+CoreDataProperties.swift, CachedCalendarEvent+CoreDataClass.swift, CachedCalendarEvent+CoreDataProperties.swift, CachedEventAttendee+CoreDataClass.swift, CachedEventAttendee+CoreDataProperties.swift, CachedReminder+CoreDataClass.swift, CachedReminder+CoreDataProperties.swift, SyncMetadata+CoreDataClass.swift, SyncMetadata+CoreDataProperties.swift, Marilena+CoreDataModel.swift, GeneratedAssetSymbols.swift (in target 'Marilena' from project 'Marilena')

SwiftDriverJobDiscovery normal arm64 Compiling CalendarModels.swift, CalendarPreferences.swift, CalendarServiceFactory.swift, CalendarServiceProtocol.swift, EventKitCalendarService.swift, GoogleCalendarService.swift, MicrosoftGraphCalendarService.swift, AIModelCapabilities.swift, AIModelCatalog.swift, AIModelConfiguration.swift, AIModelProvider.swift, AIModelTypes.swift, ConfigurationManager.swift, ConfigurationTypes.swift, DateHelper.swift, CRMAnalytics.swift, ChatService.swift, CRMDataService.swift, ProfiloUtenteService.swift, EmailChatServiceProtocol.swift, ServiceContainer.swift (in target 'Marilena' from project 'Marilena')

SwiftDriverJobDiscovery normal arm64 Compiling SpeechTranscriptionService.swift, TranscriptionAnalysisView.swift, TranscriptionChatView.swift, TranscriptionModeSelectionView.swift, ChatMarilena+CoreDataClass.swift, ChatMarilena+CoreDataProperties.swift, CronologiaContesto+CoreDataClass.swift, CronologiaContesto+CoreDataProperties.swift, Item+CoreDataClass.swift, Item+CoreDataProperties.swift, MessaggioMarilena+CoreDataClass.swift, MessaggioMarilena+CoreDataProperties.swift, ProfiloUtente+CoreDataClass.swift, ProfiloUtente+CoreDataProperties.swift, RegistrazioneAudio+CoreDataClass.swift, RegistrazioneAudio+CoreDataProperties.swift, CachedEmail+CoreDataClass.swift, CachedEmail+CoreDataProperties.swift, DraftEmail+CoreDataClass.swift, DraftEmail+CoreDataProperties.swift (in target 'Marilena' from project 'Marilena')

SwiftDriverJobDiscovery normal arm64 Emitting module for Marilena (in target 'Marilena' from project 'Marilena')

SwiftDriver\ Compilation\ Requirements Marilena normal arm64 com.apple.xcode.tools.swift.compiler (in target 'Marilena' from project 'Marilena')
    cd /Users/mariomoschetta/Downloads/Marilena
    builtin-Swift-Compilation-Requirements -- /Applications/Xcode.app/Contents/Developer/Toolchains/XcodeDefault.xctoolchain/usr/bin/swiftc -module-name Marilena -Onone -enforce-exclusivity\=checked @/Users/mariomoschetta/Downloads/Marilena/DerivedData/Build/Intermediates.noindex/Marilena.build/Debug-iphonesimulator/Marilena.build/Objects-normal/arm64/Marilena.SwiftFileList -DDEBUG -Xcc -fmodule-map-file\=/Users/mariomoschetta/Downloads/Marilena/DerivedData/Build/Intermediates.noindex/GeneratedModuleMaps-iphonesimulator/AppAuth.modulemap -Xcc -fmodule-map-file\=/Users/mariomoschetta/Downloads/Marilena/DerivedData/Build/Intermediates.noindex/GeneratedModuleMaps-iphonesimulator/AppAuthCore.modulemap -Xcc -fmodule-map-file\=/Users/mariomoschetta/Downloads/Marilena/DerivedData/Build/Intermediates.noindex/GeneratedModuleMaps-iphonesimulator/GoogleUtilities-Logger.modulemap -Xcc -fmodule-map-file\=/Users/mariomoschetta/Downloads/Marilena/DerivedData/Build/Intermediates.noindex/GeneratedModuleMaps-iphonesimulator/GoogleUtilities-Environment.modulemap -Xcc -fmodule-map-file\=/Users/mariomoschetta/Downloads/Marilena/DerivedData/Build/Intermediates.noindex/GeneratedModuleMaps-iphonesimulator/third-party-IsAppEncrypted.modulemap -Xcc -fmodule-map-file\=/Users/mariomoschetta/Downloads/Marilena/DerivedData/Build/Intermediates.noindex/GeneratedModuleMaps-iphonesimulator/GoogleUtilities-UserDefaults.modulemap -Xcc -fmodule-map-file\=/Users/mariomoschetta/Downloads/Marilena/DerivedData/Build/Intermediates.noindex/GeneratedModuleMaps-iphonesimulator/AppCheckCore.modulemap -Xcc -fmodule-map-file\=/Users/mariomoschetta/Downloads/Marilena/DerivedData/Build/Intermediates.noindex/GeneratedModuleMaps-iphonesimulator/GTMSessionFetcherCore.modulemap -Xcc -fmodule-map-file\=/Users/mariomoschetta/Downloads/Marilena/DerivedData/Build/Intermediates.noindex/GeneratedModuleMaps-iphonesimulator/GoogleSignIn.modulemap -default-isolation\=MainActor -enable-bare-slash-regex -enable-upcoming-feature DisableOutwardActorInference -enable-upcoming-feature InferSendableFromCaptures -enable-upcoming-feature GlobalActorIsolatedTypesUsability -enable-upcoming-feature MemberImportVisibility -enable-upcoming-feature InferIsolatedConformances -enable-upcoming-feature NonisolatedNonsendingByDefault -enable-experimental-feature DebugDescriptionMacro -sdk /Applications/Xcode.app/Contents/Developer/Platforms/iPhoneSimulator.platform/Developer/SDKs/iPhoneSimulator26.0.sdk -target arm64-apple-ios26.0-simulator -g -module-cache-path /Users/mariomoschetta/Downloads/Marilena/DerivedData/ModuleCache.noindex -Xfrontend -serialize-debugging-options -profile-coverage-mapping -profile-generate -enable-testing -index-store-path /Users/mariomoschetta/Downloads/Marilena/DerivedData/Index.noindex/DataStore -Xcc -D_LIBCPP_HARDENING_MODE\=_LIBCPP_HARDENING_MODE_DEBUG -swift-version 5 -I /Users/mariomoschetta/Downloads/Marilena/DerivedData/Build/Products/Debug-iphonesimulator -F /Users/mariomoschetta/Downloads/Marilena/DerivedData/Build/Products/Debug-iphonesimulator/PackageFrameworks -F /Users/mariomoschetta/Downloads/Marilena/DerivedData/Build/Products/Debug-iphonesimulator/PackageFrameworks -F /Users/mariomoschetta/Downloads/Marilena/DerivedData/Build/Products/Debug-iphonesimulator/PackageFrameworks -F /Users/mariomoschetta/Downloads/Marilena/DerivedData/Build/Products/Debug-iphonesimulator/PackageFrameworks -F /Users/mariomoschetta/Downloads/Marilena/DerivedData/Build/Products/Debug-iphonesimulator/PackageFrameworks -F /Users/mariomoschetta/Downloads/Marilena/DerivedData/Build/Products/Debug-iphonesimulator/PackageFrameworks -F /Users/mariomoschetta/Downloads/Marilena/DerivedData/Build/Products/Debug-iphonesimulator/PackageFrameworks -F /Users/mariomoschetta/Downloads/Marilena/DerivedData/Build/Products/Debug-iphonesimulator/PackageFrameworks -F /Users/mariomoschetta/Downloads/Marilena/DerivedData/Build/Products/Debug-iphonesimulator/PackageFrameworks -F /Users/mariomoschetta/Downloads/Marilena/DerivedData/Build/Products/Debug-iphonesimulator/PackageFrameworks -F /Users/mariomoschetta/Downloads/Marilena/DerivedData/Build/Products/Debug-iphonesimulator/PackageFrameworks -F /Users/mariomoschetta/Downloads/Marilena/DerivedData/Build/Products/Debug-iphonesimulator/PackageFrameworks -F /Users/mariomoschetta/Downloads/Marilena/DerivedData/Build/Products/Debug-iphonesimulator -emit-localized-strings -emit-localized-strings-path /Users/mariomoschetta/Downloads/Marilena/DerivedData/Build/Intermediates.noindex/Marilena.build/Debug-iphonesimulator/Marilena.build/Objects-normal/arm64 -c -j10 -enable-batch-mode -incremental -Xcc -ivfsstatcache -Xcc /Users/mariomoschetta/Downloads/Marilena/DerivedData/SDKStatCaches.noindex/iphonesimulator26.0-23A337-26257891a6c027eb51374368541b8346.sdkstatcache -output-file-map /Users/mariomoschetta/Downloads/Marilena/DerivedData/Build/Intermediates.noindex/Marilena.build/Debug-iphonesimulator/Marilena.build/Objects-normal/arm64/Marilena-OutputFileMap.json -use-frontend-parseable-output -save-temps -no-color-diagnostics -explicit-module-build -module-cache-path /Users/mariomoschetta/Downloads/Marilena/DerivedData/Build/Intermediates.noindex/SwiftExplicitPrecompiledModules -clang-scanner-module-cache-path /Users/mariomoschetta/Downloads/Marilena/DerivedData/ModuleCache.noindex -sdk-module-cache-path /Users/mariomoschetta/Downloads/Marilena/DerivedData/ModuleCache.noindex -serialize-diagnostics -emit-dependencies -emit-module -emit-module-path /Users/mariomoschetta/Downloads/Marilena/DerivedData/Build/Intermediates.noindex/Marilena.build/Debug-iphonesimulator/Marilena.build/Objects-normal/arm64/Marilena.swiftmodule -validate-clang-modules-once -clang-build-session-file /Users/mariomoschetta/Downloads/Marilena/DerivedData/ModuleCache.noindex/Session.modulevalidation -Xcc -I/Users/mariomoschetta/Downloads/Marilena/DerivedData/Build/Intermediates.noindex/Marilena.build/Debug-iphonesimulator/Marilena.build/swift-overrides.hmap -emit-const-values -Xfrontend -const-gather-protocols-file -Xfrontend /Users/mariomoschetta/Downloads/Marilena/DerivedData/Build/Intermediates.noindex/Marilena.build/Debug-iphonesimulator/Marilena.build/Objects-normal/arm64/Marilena_const_extract_protocols.json -Xcc -iquote -Xcc /Users/mariomoschetta/Downloads/Marilena/DerivedData/Build/Intermediates.noindex/Marilena.build/Debug-iphonesimulator/Marilena.build/Marilena-generated-files.hmap -Xcc -I/Users/mariomoschetta/Downloads/Marilena/DerivedData/Build/Intermediates.noindex/Marilena.build/Debug-iphonesimulator/Marilena.build/Marilena-own-target-headers.hmap -Xcc -I/Users/mariomoschetta/Downloads/Marilena/DerivedData/Build/Intermediates.noindex/Marilena.build/Debug-iphonesimulator/Marilena.build/Marilena-all-non-framework-target-headers.hmap -Xcc -ivfsoverlay -Xcc /Users/mariomoschetta/Downloads/Marilena/DerivedData/Build/Intermediates.noindex/Marilena.build/Debug-iphonesimulator/Marilena-97d9d17465d2c92c804a06e885683b02-VFS-iphonesimulator/all-product-headers.yaml -Xcc -iquote -Xcc /Users/mariomoschetta/Downloads/Marilena/DerivedData/Build/Intermediates.noindex/Marilena.build/Debug-iphonesimulator/Marilena.build/Marilena-project-headers.hmap -Xcc -I/Users/mariomoschetta/Downloads/Marilena/DerivedData/SourcePackages/checkouts/AppAuth-iOS/Sources/AppAuth -Xcc -I/Users/mariomoschetta/Downloads/Marilena/DerivedData/SourcePackages/checkouts/AppAuth-iOS/Sources/AppAuthCore -Xcc -I/Users/mariomoschetta/Downloads/Marilena/DerivedData/SourcePackages/checkouts/promises/Sources/FBLPromises/include -Xcc -I/Users/mariomoschetta/Downloads/Marilena/DerivedData/SourcePackages/checkouts/GoogleUtilities/GoogleUtilities/Logger/Public -Xcc -I/Users/mariomoschetta/Downloads/Marilena/DerivedData/SourcePackages/checkouts/GoogleUtilities/GoogleUtilities/Environment/Public -Xcc -I/Users/mariomoschetta/Downloads/Marilena/DerivedData/SourcePackages/checkouts/GoogleUtilities/third_party/IsAppEncrypted/Public -Xcc -I/Users/mariomoschetta/Downloads/Marilena/DerivedData/SourcePackages/checkouts/GoogleUtilities/GoogleUtilities/UserDefaults/Public -Xcc -I/Users/mariomoschetta/Downloads/Marilena/DerivedData/SourcePackages/checkouts/app-check/AppCheckCore/Sources/Public -Xcc -I/Users/mariomoschetta/Downloads/Marilena/DerivedData/SourcePackages/checkouts/gtm-session-fetcher/Sources/Core/Public -Xcc -I/Users/mariomoschetta/Downloads/Marilena/DerivedData/SourcePackages/checkouts/GoogleSignIn-iOS/GoogleSignIn/Sources/Public -Xcc -I/Users/mariomoschetta/Downloads/Marilena/DerivedData/Build/Products/Debug-iphonesimulator/include -Xcc -I/Users/mariomoschetta/Downloads/Marilena/DerivedData/Build/Intermediates.noindex/Marilena.build/Debug-iphonesimulator/Marilena.build/DerivedSources-normal/arm64 -Xcc -I/Users/mariomoschetta/Downloads/Marilena/DerivedData/Build/Intermediates.noindex/Marilena.build/Debug-iphonesimulator/Marilena.build/DerivedSources/arm64 -Xcc -I/Users/mariomoschetta/Downloads/Marilena/DerivedData/Build/Intermediates.noindex/Marilena.build/Debug-iphonesimulator/Marilena.build/DerivedSources -Xcc -DDEBUG\=1 -emit-objc-header -emit-objc-header-path /Users/mariomoschetta/Downloads/Marilena/DerivedData/Build/Intermediates.noindex/Marilena.build/Debug-iphonesimulator/Marilena.build/Objects-normal/arm64/Marilena-Swift.h -working-directory /Users/mariomoschetta/Downloads/Marilena -experimental-emit-module-separately -disable-cmo

Copy /Users/mariomoschetta/Downloads/Marilena/DerivedData/Build/Products/Debug-iphonesimulator/Marilena.swiftmodule/arm64-apple-ios-simulator.swiftmodule /Users/mariomoschetta/Downloads/Marilena/DerivedData/Build/Intermediates.noindex/Marilena.build/Debug-iphonesimulator/Marilena.build/Objects-normal/arm64/Marilena.swiftmodule (in target 'Marilena' from project 'Marilena')
    cd /Users/mariomoschetta/Downloads/Marilena
    builtin-copy -exclude .DS_Store -exclude CVS -exclude .svn -exclude .git -exclude .hg -resolve-src-symlinks -rename /Users/mariomoschetta/Downloads/Marilena/DerivedData/Build/Intermediates.noindex/Marilena.build/Debug-iphonesimulator/Marilena.build/Objects-normal/arm64/Marilena.swiftmodule /Users/mariomoschetta/Downloads/Marilena/DerivedData/Build/Products/Debug-iphonesimulator/Marilena.swiftmodule/arm64-apple-ios-simulator.swiftmodule

Copy /Users/mariomoschetta/Downloads/Marilena/DerivedData/Build/Products/Debug-iphonesimulator/Marilena.swiftmodule/arm64-apple-ios-simulator.abi.json /Users/mariomoschetta/Downloads/Marilena/DerivedData/Build/Intermediates.noindex/Marilena.build/Debug-iphonesimulator/Marilena.build/Objects-normal/arm64/Marilena.abi.json (in target 'Marilena' from project 'Marilena')
    cd /Users/mariomoschetta/Downloads/Marilena
    builtin-copy -exclude .DS_Store -exclude CVS -exclude .svn -exclude .git -exclude .hg -resolve-src-symlinks -rename /Users/mariomoschetta/Downloads/Marilena/DerivedData/Build/Intermediates.noindex/Marilena.build/Debug-iphonesimulator/Marilena.build/Objects-normal/arm64/Marilena.abi.json /Users/mariomoschetta/Downloads/Marilena/DerivedData/Build/Products/Debug-iphonesimulator/Marilena.swiftmodule/arm64-apple-ios-simulator.abi.json

Copy /Users/mariomoschetta/Downloads/Marilena/DerivedData/Build/Products/Debug-iphonesimulator/Marilena.swiftmodule/Project/arm64-apple-ios-simulator.swiftsourceinfo /Users/mariomoschetta/Downloads/Marilena/DerivedData/Build/Intermediates.noindex/Marilena.build/Debug-iphonesimulator/Marilena.build/Objects-normal/arm64/Marilena.swiftsourceinfo (in target 'Marilena' from project 'Marilena')
    cd /Users/mariomoschetta/Downloads/Marilena
    builtin-copy -exclude .DS_Store -exclude CVS -exclude .svn -exclude .git -exclude .hg -resolve-src-symlinks -rename /Users/mariomoschetta/Downloads/Marilena/DerivedData/Build/Intermediates.noindex/Marilena.build/Debug-iphonesimulator/Marilena.build/Objects-normal/arm64/Marilena.swiftsourceinfo /Users/mariomoschetta/Downloads/Marilena/DerivedData/Build/Products/Debug-iphonesimulator/Marilena.swiftmodule/Project/arm64-apple-ios-simulator.swiftsourceinfo

SwiftDriverJobDiscovery normal arm64 Compiling ServiceProtocols.swift, ChatMessage.swift, Profilo.swift, EmailAccountMigration.swift, EmailAccountManager.swift, EmailAuthService.swift, EmailCacheManager.swift, EmailNetworkService.swift, EmailThreadingManager.swift, RefactoredEmailService.swift, Color+Hex.swift, AppPerformanceMetrics.swift, DeferredInitializationService.swift, PerformanceSignpost.swift, ChatRepository.swift, EmailRepository.swift, MemoryCacheService.swift, OpenAIToolCallingOrchestrator.swift, TranscriptionContextService.swift, Haptics.swift, LongPressLocationOverlay.swift (in target 'Marilena' from project 'Marilena')

SwiftDriverJobDiscovery normal arm64 Compiling FoundationModelsDocumentationIndex.swift, FoundationModelsEventParser.swift, AIStreamingTypes.swift, OpenAIResponsesClient.swift, ModularTranscriptionService.swift, ModularTranscriptionView.swift, TranscriptionMessage.swift, AICacheManager.swift, AICoordinator.swift, AIMemoryManager.swift, AIPerformanceMonitor.swift, AIServiceProtocol.swift, AITaskManager.swift, ModernOpenAIService.swift, ModernXAIService.swift, ModuleAdapter.swift, OpenAIModels.swift, ServiceFactory.swift, CalendarCompletionMetadata.swift, CalendarCompletionStore.swift, CalendarManager.swift (in target 'Marilena' from project 'Marilena')

SwiftDriverJobDiscovery normal arm64 Compiling ModernEmailViewer.swift, ModernEmailViewerAIDemo.swift, ModernEmailViewerTest.swift, NativeAppleMailView.swift, NotificationService.swift, OAuthConfigView.swift, OAuthService.swift, OfflineSyncService.swift, OpenAIService.swift, PerplexityService.swift, Persistence.swift, PromptManager.swift, RecorderMainView.swift, RecordingDetailView.swift, RecordingIntents.swift, RecordingService.swift, RecordingsListView.swift, RichTextEditor.swift, SettingsView.swift, SharedTypes.swift (in target 'Marilena' from project 'Marilena')

SwiftDriverJobDiscovery normal arm64 Compiling TwoFingerPanOverlay.swift, CacheEntry+CoreDataClass.swift, EmailHTMLRenderer.swift, NetworkService.swift, ThinkingManager.swift, AIEventCreationView.swift, CalendarView.swift, CreateEventView.swift, DayTimelineView.swift, EventDetailSheet.swift, EventEditView.swift, EventListRow.swift, NaturalLanguageEventView.swift, ReminderModels.swift, ReminderService.swift, ServicePickerView.swift, WeekTimelineView.swift, ChatMessageRow.swift, ChatsListView.swift, ChatView.swift, GeneralChatToolHandler.swift (in target 'Marilena' from project 'Marilena')

SwiftDriverJobDiscovery normal arm64 Compiling EmailConfig.swift, EmailDetailView.swift, EmailListView.swift, EmailResponseSuggestionsView.swift, EmailService.swift, EmailSettingsView.swift, EnhancedEmailChatService.swift, EnhancedEmailChatView.swift, ExampleIntegration.swift, GroqService.swift, IMAPClient.swift, KeychainManager.swift, LiquidGlassCompatibility.swift, MarilenaApp.swift, ModelCatalog.swift, ModelPickerForCategorizationView.swift, ModelPickerView.swift, ModernComposeView.swift, ModernEmailAIExtensions.swift, ModernEmailAIFeatures.swift (in target 'Marilena' from project 'Marilena')

SwiftDriverJobDiscovery normal arm64 Compiling ModularChatView.swift, EmailListViewModel.swift, NewCalendarEvent.swift, NewCalendarService.swift, CalendarGestureUtils.swift, EventDetailView.swift, NewAgendaView.swift, NewCalendarView.swift, NewDayView.swift, NewEventCreationView.swift, NewMonthView.swift, NewWeekView.swift, DailyPlannerChatView.swift, PlannerPromptBuilder.swift, TimeBlockingAgendaView.swift, ModificaProfiloView.swift, ProfiloView.swift, MarilenaMacTarget.swift, AccessibilityManager.swift, AIProviderManager.swift, AITooling.swift (in target 'Marilena' from project 'Marilena')

SwiftDriverJobDiscovery normal arm64 Compiling AnthropicService.swift, AppleIntelligenceService.swift, AppleMailCloneView.swift, AppleMailDetailView.swift, AppleMailStyleComponents.swift, AudioRecorderView.swift, CloudflareGatewayClient.swift, ContactAutoCompleteService.swift, ContentView.swift, ContestoAIService.swift, CoreDataExtensions.swift, DeepSeekService.swift, EmailAIService.swift, EmailCacheService.swift, EmailCategorizationConfig.swift, EmailCategorizationMonitor.swift, EmailCategorizationService.swift, EmailCategorizationStatsView.swift, EmailChatService.swift, EmailChatView.swift (in target 'Marilena' from project 'Marilena')

SwiftDriver\ Compilation Marilena normal arm64 com.apple.xcode.tools.swift.compiler (in target 'Marilena' from project 'Marilena')
    cd /Users/mariomoschetta/Downloads/Marilena
    builtin-Swift-Compilation -- /Applications/Xcode.app/Contents/Developer/Toolchains/XcodeDefault.xctoolchain/usr/bin/swiftc -module-name Marilena -Onone -enforce-exclusivity\=checked @/Users/mariomoschetta/Downloads/Marilena/DerivedData/Build/Intermediates.noindex/Marilena.build/Debug-iphonesimulator/Marilena.build/Objects-normal/arm64/Marilena.SwiftFileList -DDEBUG -Xcc -fmodule-map-file\=/Users/mariomoschetta/Downloads/Marilena/DerivedData/Build/Intermediates.noindex/GeneratedModuleMaps-iphonesimulator/AppAuth.modulemap -Xcc -fmodule-map-file\=/Users/mariomoschetta/Downloads/Marilena/DerivedData/Build/Intermediates.noindex/GeneratedModuleMaps-iphonesimulator/AppAuthCore.modulemap -Xcc -fmodule-map-file\=/Users/mariomoschetta/Downloads/Marilena/DerivedData/Build/Intermediates.noindex/GeneratedModuleMaps-iphonesimulator/GoogleUtilities-Logger.modulemap -Xcc -fmodule-map-file\=/Users/mariomoschetta/Downloads/Marilena/DerivedData/Build/Intermediates.noindex/GeneratedModuleMaps-iphonesimulator/GoogleUtilities-Environment.modulemap -Xcc -fmodule-map-file\=/Users/mariomoschetta/Downloads/Marilena/DerivedData/Build/Intermediates.noindex/GeneratedModuleMaps-iphonesimulator/third-party-IsAppEncrypted.modulemap -Xcc -fmodule-map-file\=/Users/mariomoschetta/Downloads/Marilena/DerivedData/Build/Intermediates.noindex/GeneratedModuleMaps-iphonesimulator/GoogleUtilities-UserDefaults.modulemap -Xcc -fmodule-map-file\=/Users/mariomoschetta/Downloads/Marilena/DerivedData/Build/Intermediates.noindex/GeneratedModuleMaps-iphonesimulator/AppCheckCore.modulemap -Xcc -fmodule-map-file\=/Users/mariomoschetta/Downloads/Marilena/DerivedData/Build/Intermediates.noindex/GeneratedModuleMaps-iphonesimulator/GTMSessionFetcherCore.modulemap -Xcc -fmodule-map-file\=/Users/mariomoschetta/Downloads/Marilena/DerivedData/Build/Intermediates.noindex/GeneratedModuleMaps-iphonesimulator/GoogleSignIn.modulemap -default-isolation\=MainActor -enable-bare-slash-regex -enable-upcoming-feature DisableOutwardActorInference -enable-upcoming-feature InferSendableFromCaptures -enable-upcoming-feature GlobalActorIsolatedTypesUsability -enable-upcoming-feature MemberImportVisibility -enable-upcoming-feature InferIsolatedConformances -enable-upcoming-feature NonisolatedNonsendingByDefault -enable-experimental-feature DebugDescriptionMacro -sdk /Applications/Xcode.app/Contents/Developer/Platforms/iPhoneSimulator.platform/Developer/SDKs/iPhoneSimulator26.0.sdk -target arm64-apple-ios26.0-simulator -g -module-cache-path /Users/mariomoschetta/Downloads/Marilena/DerivedData/ModuleCache.noindex -Xfrontend -serialize-debugging-options -profile-coverage-mapping -profile-generate -enable-testing -index-store-path /Users/mariomoschetta/Downloads/Marilena/DerivedData/Index.noindex/DataStore -Xcc -D_LIBCPP_HARDENING_MODE\=_LIBCPP_HARDENING_MODE_DEBUG -swift-version 5 -I /Users/mariomoschetta/Downloads/Marilena/DerivedData/Build/Products/Debug-iphonesimulator -F /Users/mariomoschetta/Downloads/Marilena/DerivedData/Build/Products/Debug-iphonesimulator/PackageFrameworks -F /Users/mariomoschetta/Downloads/Marilena/DerivedData/Build/Products/Debug-iphonesimulator/PackageFrameworks -F /Users/mariomoschetta/Downloads/Marilena/DerivedData/Build/Products/Debug-iphonesimulator/PackageFrameworks -F /Users/mariomoschetta/Downloads/Marilena/DerivedData/Build/Products/Debug-iphonesimulator/PackageFrameworks -F /Users/mariomoschetta/Downloads/Marilena/DerivedData/Build/Products/Debug-iphonesimulator/PackageFrameworks -F /Users/mariomoschetta/Downloads/Marilena/DerivedData/Build/Products/Debug-iphonesimulator/PackageFrameworks -F /Users/mariomoschetta/Downloads/Marilena/DerivedData/Build/Products/Debug-iphonesimulator/PackageFrameworks -F /Users/mariomoschetta/Downloads/Marilena/DerivedData/Build/Products/Debug-iphonesimulator/PackageFrameworks -F /Users/mariomoschetta/Downloads/Marilena/DerivedData/Build/Products/Debug-iphonesimulator/PackageFrameworks -F /Users/mariomoschetta/Downloads/Marilena/DerivedData/Build/Products/Debug-iphonesimulator/PackageFrameworks -F /Users/mariomoschetta/Downloads/Marilena/DerivedData/Build/Products/Debug-iphonesimulator/PackageFrameworks -F /Users/mariomoschetta/Downloads/Marilena/DerivedData/Build/Products/Debug-iphonesimulator/PackageFrameworks -F /Users/mariomoschetta/Downloads/Marilena/DerivedData/Build/Products/Debug-iphonesimulator -emit-localized-strings -emit-localized-strings-path /Users/mariomoschetta/Downloads/Marilena/DerivedData/Build/Intermediates.noindex/Marilena.build/Debug-iphonesimulator/Marilena.build/Objects-normal/arm64 -c -j10 -enable-batch-mode -incremental -Xcc -ivfsstatcache -Xcc /Users/mariomoschetta/Downloads/Marilena/DerivedData/SDKStatCaches.noindex/iphonesimulator26.0-23A337-26257891a6c027eb51374368541b8346.sdkstatcache -output-file-map /Users/mariomoschetta/Downloads/Marilena/DerivedData/Build/Intermediates.noindex/Marilena.build/Debug-iphonesimulator/Marilena.build/Objects-normal/arm64/Marilena-OutputFileMap.json -use-frontend-parseable-output -save-temps -no-color-diagnostics -explicit-module-build -module-cache-path /Users/mariomoschetta/Downloads/Marilena/DerivedData/Build/Intermediates.noindex/SwiftExplicitPrecompiledModules -clang-scanner-module-cache-path /Users/mariomoschetta/Downloads/Marilena/DerivedData/ModuleCache.noindex -sdk-module-cache-path /Users/mariomoschetta/Downloads/Marilena/DerivedData/ModuleCache.noindex -serialize-diagnostics -emit-dependencies -emit-module -emit-module-path /Users/mariomoschetta/Downloads/Marilena/DerivedData/Build/Intermediates.noindex/Marilena.build/Debug-iphonesimulator/Marilena.build/Objects-normal/arm64/Marilena.swiftmodule -validate-clang-modules-once -clang-build-session-file /Users/mariomoschetta/Downloads/Marilena/DerivedData/ModuleCache.noindex/Session.modulevalidation -Xcc -I/Users/mariomoschetta/Downloads/Marilena/DerivedData/Build/Intermediates.noindex/Marilena.build/Debug-iphonesimulator/Marilena.build/swift-overrides.hmap -emit-const-values -Xfrontend -const-gather-protocols-file -Xfrontend /Users/mariomoschetta/Downloads/Marilena/DerivedData/Build/Intermediates.noindex/Marilena.build/Debug-iphonesimulator/Marilena.build/Objects-normal/arm64/Marilena_const_extract_protocols.json -Xcc -iquote -Xcc /Users/mariomoschetta/Downloads/Marilena/DerivedData/Build/Intermediates.noindex/Marilena.build/Debug-iphonesimulator/Marilena.build/Marilena-generated-files.hmap -Xcc -I/Users/mariomoschetta/Downloads/Marilena/DerivedData/Build/Intermediates.noindex/Marilena.build/Debug-iphonesimulator/Marilena.build/Marilena-own-target-headers.hmap -Xcc -I/Users/mariomoschetta/Downloads/Marilena/DerivedData/Build/Intermediates.noindex/Marilena.build/Debug-iphonesimulator/Marilena.build/Marilena-all-non-framework-target-headers.hmap -Xcc -ivfsoverlay -Xcc /Users/mariomoschetta/Downloads/Marilena/DerivedData/Build/Intermediates.noindex/Marilena.build/Debug-iphonesimulator/Marilena-97d9d17465d2c92c804a06e885683b02-VFS-iphonesimulator/all-product-headers.yaml -Xcc -iquote -Xcc /Users/mariomoschetta/Downloads/Marilena/DerivedData/Build/Intermediates.noindex/Marilena.build/Debug-iphonesimulator/Marilena.build/Marilena-project-headers.hmap -Xcc -I/Users/mariomoschetta/Downloads/Marilena/DerivedData/SourcePackages/checkouts/AppAuth-iOS/Sources/AppAuth -Xcc -I/Users/mariomoschetta/Downloads/Marilena/DerivedData/SourcePackages/checkouts/AppAuth-iOS/Sources/AppAuthCore -Xcc -I/Users/mariomoschetta/Downloads/Marilena/DerivedData/SourcePackages/checkouts/promises/Sources/FBLPromises/include -Xcc -I/Users/mariomoschetta/Downloads/Marilena/DerivedData/SourcePackages/checkouts/GoogleUtilities/GoogleUtilities/Logger/Public -Xcc -I/Users/mariomoschetta/Downloads/Marilena/DerivedData/SourcePackages/checkouts/GoogleUtilities/GoogleUtilities/Environment/Public -Xcc -I/Users/mariomoschetta/Downloads/Marilena/DerivedData/SourcePackages/checkouts/GoogleUtilities/third_party/IsAppEncrypted/Public -Xcc -I/Users/mariomoschetta/Downloads/Marilena/DerivedData/SourcePackages/checkouts/GoogleUtilities/GoogleUtilities/UserDefaults/Public -Xcc -I/Users/mariomoschetta/Downloads/Marilena/DerivedData/SourcePackages/checkouts/app-check/AppCheckCore/Sources/Public -Xcc -I/Users/mariomoschetta/Downloads/Marilena/DerivedData/SourcePackages/checkouts/gtm-session-fetcher/Sources/Core/Public -Xcc -I/Users/mariomoschetta/Downloads/Marilena/DerivedData/SourcePackages/checkouts/GoogleSignIn-iOS/GoogleSignIn/Sources/Public -Xcc -I/Users/mariomoschetta/Downloads/Marilena/DerivedData/Build/Products/Debug-iphonesimulator/include -Xcc -I/Users/mariomoschetta/Downloads/Marilena/DerivedData/Build/Intermediates.noindex/Marilena.build/Debug-iphonesimulator/Marilena.build/DerivedSources-normal/arm64 -Xcc -I/Users/mariomoschetta/Downloads/Marilena/DerivedData/Build/Intermediates.noindex/Marilena.build/Debug-iphonesimulator/Marilena.build/DerivedSources/arm64 -Xcc -I/Users/mariomoschetta/Downloads/Marilena/DerivedData/Build/Intermediates.noindex/Marilena.build/Debug-iphonesimulator/Marilena.build/DerivedSources -Xcc -DDEBUG\=1 -emit-objc-header -emit-objc-header-path /Users/mariomoschetta/Downloads/Marilena/DerivedData/Build/Intermediates.noindex/Marilena.build/Debug-iphonesimulator/Marilena.build/Objects-normal/arm64/Marilena-Swift.h -working-directory /Users/mariomoschetta/Downloads/Marilena -experimental-emit-module-separately -disable-cmo

Ld /Users/mariomoschetta/Downloads/Marilena/DerivedData/Build/Products/Debug-iphonesimulator/Marilena.app/Marilena.debug.dylib normal (in target 'Marilena' from project 'Marilena')
    cd /Users/mariomoschetta/Downloads/Marilena
    /Applications/Xcode.app/Contents/Developer/Toolchains/XcodeDefault.xctoolchain/usr/bin/clang -Xlinker -reproducible -target arm64-apple-ios26.0-simulator -dynamiclib -isysroot /Applications/Xcode.app/Contents/Developer/Platforms/iPhoneSimulator.platform/Developer/SDKs/iPhoneSimulator26.0.sdk -O0 -L/Users/mariomoschetta/Downloads/Marilena/DerivedData/Build/Intermediates.noindex/EagerLinkingTBDs/Debug-iphonesimulator -L/Users/mariomoschetta/Downloads/Marilena/DerivedData/Build/Products/Debug-iphonesimulator -F/Users/mariomoschetta/Downloads/Marilena/DerivedData/Build/Intermediates.noindex/EagerLinkingTBDs/Debug-iphonesimulator -F/Users/mariomoschetta/Downloads/Marilena/DerivedData/Build/Products/Debug-iphonesimulator/PackageFrameworks -F/Users/mariomoschetta/Downloads/Marilena/DerivedData/Build/Products/Debug-iphonesimulator/PackageFrameworks -F/Users/mariomoschetta/Downloads/Marilena/DerivedData/Build/Products/Debug-iphonesimulator/PackageFrameworks -F/Users/mariomoschetta/Downloads/Marilena/DerivedData/Build/Products/Debug-iphonesimulator/PackageFrameworks -F/Users/mariomoschetta/Downloads/Marilena/DerivedData/Build/Products/Debug-iphonesimulator/PackageFrameworks -F/Users/mariomoschetta/Downloads/Marilena/DerivedData/Build/Products/Debug-iphonesimulator/PackageFrameworks -F/Users/mariomoschetta/Downloads/Marilena/DerivedData/Build/Products/Debug-iphonesimulator/PackageFrameworks -F/Users/mariomoschetta/Downloads/Marilena/DerivedData/Build/Products/Debug-iphonesimulator/PackageFrameworks -F/Users/mariomoschetta/Downloads/Marilena/DerivedData/Build/Products/Debug-iphonesimulator/PackageFrameworks -F/Users/mariomoschetta/Downloads/Marilena/DerivedData/Build/Products/Debug-iphonesimulator/PackageFrameworks -F/Users/mariomoschetta/Downloads/Marilena/DerivedData/Build/Products/Debug-iphonesimulator/PackageFrameworks -F/Users/mariomoschetta/Downloads/Marilena/DerivedData/Build/Products/Debug-iphonesimulator/PackageFrameworks -F/Users/mariomoschetta/Downloads/Marilena/DerivedData/Build/Products/Debug-iphonesimulator -filelist /Users/mariomoschetta/Downloads/Marilena/DerivedData/Build/Intermediates.noindex/Marilena.build/Debug-iphonesimulator/Marilena.build/Objects-normal/arm64/Marilena.LinkFileList -install_name @rpath/Marilena.debug.dylib -Xlinker -rpath -Xlinker /Users/mariomoschetta/Downloads/Marilena/DerivedData/Build/Products/Debug-iphonesimulator/PackageFrameworks -Xlinker -rpath -Xlinker @executable_path/Frameworks -dead_strip -Xlinker -object_path_lto -Xlinker /Users/mariomoschetta/Downloads/Marilena/DerivedData/Build/Intermediates.noindex/Marilena.build/Debug-iphonesimulator/Marilena.build/Objects-normal/arm64/Marilena_lto.o -rdynamic -Xlinker -no_deduplicate -Xlinker -objc_abi_version -Xlinker 2 -Xlinker -debug_variant -Xlinker -dependency_info -Xlinker /Users/mariomoschetta/Downloads/Marilena/DerivedData/Build/Intermediates.noindex/Marilena.build/Debug-iphonesimulator/Marilena.build/Objects-normal/arm64/Marilena_dependency_info.dat -fobjc-link-runtime -fprofile-instr-generate -L/Applications/Xcode.app/Contents/Developer/Toolchains/XcodeDefault.xctoolchain/usr/lib/swift/iphonesimulator -L/usr/lib/swift -Xlinker -add_ast_path -Xlinker /Users/mariomoschetta/Downloads/Marilena/DerivedData/Build/Intermediates.noindex/Marilena.build/Debug-iphonesimulator/Marilena.build/Objects-normal/arm64/Marilena.swiftmodule @/Users/mariomoschetta/Downloads/Marilena/DerivedData/Build/Intermediates.noindex/Marilena.build/Debug-iphonesimulator/Marilena.build/Objects-normal/arm64/Marilena-linker-args.resp -Wl,-no_warn_duplicate_libraries -Wl,-no_warn_duplicate_libraries -Wl,-no_warn_duplicate_libraries -Wl,-no_warn_duplicate_libraries -Wl,-no_warn_duplicate_libraries -Wl,-no_warn_duplicate_libraries -Wl,-no_warn_duplicate_libraries -Wl,-no_warn_duplicate_libraries -Wl,-no_warn_duplicate_libraries -Wl,-no_warn_duplicate_libraries -Wl,-no_warn_duplicate_libraries -Wl,-no_warn_duplicate_libraries -framework CoreGraphics -framework CoreText -framework Foundation -framework LocalAuthentication -framework Security -framework UIKit -framework Security -framework DeviceCheck -Xlinker -alias -Xlinker _main -Xlinker ___debug_main_executable_dylib_entry_point -Xlinker -no_adhoc_codesign -o /Users/mariomoschetta/Downloads/Marilena/DerivedData/Build/Products/Debug-iphonesimulator/Marilena.app/Marilena.debug.dylib -Xlinker -add_ast_path -Xlinker /Users/mariomoschetta/Downloads/Marilena/DerivedData/Build/Intermediates.noindex/GTMAppAuth.build/Debug-iphonesimulator/GTMAppAuth.build/Objects-normal/arm64/GTMAppAuth.swiftmodule @/Users/mariomoschetta/Downloads/Marilena/DerivedData/Build/Intermediates.noindex/GTMAppAuth.build/Debug-iphonesimulator/GTMAppAuth.build/Objects-normal/arm64/GTMAppAuth-linker-args.resp -Xlinker -add_ast_path -Xlinker /Users/mariomoschetta/Downloads/Marilena/DerivedData/Build/Intermediates.noindex/GoogleSignIn.build/Debug-iphonesimulator/GoogleSignInSwift.build/Objects-normal/arm64/GoogleSignInSwift.swiftmodule @/Users/mariomoschetta/Downloads/Marilena/DerivedData/Build/Intermediates.noindex/GoogleSignIn.build/Debug-iphonesimulator/GoogleSignInSwift.build/Objects-normal/arm64/GoogleSignInSwift-linker-args.resp

ConstructStubExecutorLinkFileList /Users/mariomoschetta/Downloads/Marilena/DerivedData/Build/Intermediates.noindex/Marilena.build/Debug-iphonesimulator/Marilena.build/Marilena-ExecutorLinkFileList-normal-arm64.txt (in target 'Marilena' from project 'Marilena')
    cd /Users/mariomoschetta/Downloads/Marilena
    construct-stub-executor-link-file-list /Users/mariomoschetta/Downloads/Marilena/DerivedData/Build/Products/Debug-iphonesimulator/Marilena.app/Marilena.debug.dylib /Applications/Xcode.app/Contents/Developer/Platforms/iPhoneSimulator.platform/Developer/usr/lib/libPreviewsJITStubExecutor_no_swift_entry_point.a /Applications/Xcode.app/Contents/Developer/Platforms/iPhoneSimulator.platform/Developer/usr/lib/libPreviewsJITStubExecutor.a --output /Users/mariomoschetta/Downloads/Marilena/DerivedData/Build/Intermediates.noindex/Marilena.build/Debug-iphonesimulator/Marilena.build/Marilena-ExecutorLinkFileList-normal-arm64.txt
note: Using stub executor library with Swift entry point. (in target 'Marilena' from project 'Marilena')

Ld /Users/mariomoschetta/Downloads/Marilena/DerivedData/Build/Products/Debug-iphonesimulator/Marilena.app/Marilena normal (in target 'Marilena' from project 'Marilena')
    cd /Users/mariomoschetta/Downloads/Marilena
    /Applications/Xcode.app/Contents/Developer/Toolchains/XcodeDefault.xctoolchain/usr/bin/clang -Xlinker -reproducible -target arm64-apple-ios26.0-simulator -isysroot /Applications/Xcode.app/Contents/Developer/Platforms/iPhoneSimulator.platform/Developer/SDKs/iPhoneSimulator26.0.sdk -O0 -L/Users/mariomoschetta/Downloads/Marilena/DerivedData/Build/Products/Debug-iphonesimulator -F/Users/mariomoschetta/Downloads/Marilena/DerivedData/Build/Products/Debug-iphonesimulator/PackageFrameworks -F/Users/mariomoschetta/Downloads/Marilena/DerivedData/Build/Products/Debug-iphonesimulator/PackageFrameworks -F/Users/mariomoschetta/Downloads/Marilena/DerivedData/Build/Products/Debug-iphonesimulator/PackageFrameworks -F/Users/mariomoschetta/Downloads/Marilena/DerivedData/Build/Products/Debug-iphonesimulator/PackageFrameworks -F/Users/mariomoschetta/Downloads/Marilena/DerivedData/Build/Products/Debug-iphonesimulator/PackageFrameworks -F/Users/mariomoschetta/Downloads/Marilena/DerivedData/Build/Products/Debug-iphonesimulator/PackageFrameworks -F/Users/mariomoschetta/Downloads/Marilena/DerivedData/Build/Products/Debug-iphonesimulator/PackageFrameworks -F/Users/mariomoschetta/Downloads/Marilena/DerivedData/Build/Products/Debug-iphonesimulator/PackageFrameworks -F/Users/mariomoschetta/Downloads/Marilena/DerivedData/Build/Products/Debug-iphonesimulator/PackageFrameworks -F/Users/mariomoschetta/Downloads/Marilena/DerivedData/Build/Products/Debug-iphonesimulator/PackageFrameworks -F/Users/mariomoschetta/Downloads/Marilena/DerivedData/Build/Products/Debug-iphonesimulator/PackageFrameworks -F/Users/mariomoschetta/Downloads/Marilena/DerivedData/Build/Products/Debug-iphonesimulator/PackageFrameworks -F/Users/mariomoschetta/Downloads/Marilena/DerivedData/Build/Products/Debug-iphonesimulator -Xlinker -rpath -Xlinker @executable_path -Xlinker -rpath -Xlinker /Users/mariomoschetta/Downloads/Marilena/DerivedData/Build/Products/Debug-iphonesimulator/PackageFrameworks -Xlinker -rpath -Xlinker @executable_path/Frameworks -rdynamic -Xlinker -no_deduplicate -Xlinker -objc_abi_version -Xlinker 2 -Xlinker -debug_variant -e ___debug_blank_executor_main -Xlinker -sectcreate -Xlinker __TEXT -Xlinker __debug_dylib -Xlinker /Users/mariomoschetta/Downloads/Marilena/DerivedData/Build/Intermediates.noindex/Marilena.build/Debug-iphonesimulator/Marilena.build/Marilena-DebugDylibPath-normal-arm64.txt -Xlinker -sectcreate -Xlinker __TEXT -Xlinker __debug_instlnm -Xlinker /Users/mariomoschetta/Downloads/Marilena/DerivedData/Build/Intermediates.noindex/Marilena.build/Debug-iphonesimulator/Marilena.build/Marilena-DebugDylibInstallName-normal-arm64.txt -Xlinker -filelist -Xlinker /Users/mariomoschetta/Downloads/Marilena/DerivedData/Build/Intermediates.noindex/Marilena.build/Debug-iphonesimulator/Marilena.build/Marilena-ExecutorLinkFileList-normal-arm64.txt -Xlinker -sectcreate -Xlinker __TEXT -Xlinker __entitlements -Xlinker /Users/mariomoschetta/Downloads/Marilena/DerivedData/Build/Intermediates.noindex/Marilena.build/Debug-iphonesimulator/Marilena.build/Marilena.app-Simulated.xcent -Xlinker -sectcreate -Xlinker __TEXT -Xlinker __ents_der -Xlinker /Users/mariomoschetta/Downloads/Marilena/DerivedData/Build/Intermediates.noindex/Marilena.build/Debug-iphonesimulator/Marilena.build/Marilena.app-Simulated.xcent.der /Users/mariomoschetta/Downloads/Marilena/DerivedData/Build/Products/Debug-iphonesimulator/Marilena.app/Marilena.debug.dylib -Xlinker -no_adhoc_codesign -o /Users/mariomoschetta/Downloads/Marilena/DerivedData/Build/Products/Debug-iphonesimulator/Marilena.app/Marilena

CopySwiftLibs /Users/mariomoschetta/Downloads/Marilena/DerivedData/Build/Products/Debug-iphonesimulator/Marilena.app (in target 'Marilena' from project 'Marilena')
    cd /Users/mariomoschetta/Downloads/Marilena
    builtin-swiftStdLibTool --copy --verbose --sign - --scan-executable /Users/mariomoschetta/Downloads/Marilena/DerivedData/Build/Products/Debug-iphonesimulator/Marilena.app/Marilena.debug.dylib --scan-folder /Users/mariomoschetta/Downloads/Marilena/DerivedData/Build/Products/Debug-iphonesimulator/Marilena.app/Frameworks --scan-folder /Users/mariomoschetta/Downloads/Marilena/DerivedData/Build/Products/Debug-iphonesimulator/Marilena.app/PlugIns --scan-folder /Users/mariomoschetta/Downloads/Marilena/DerivedData/Build/Products/Debug-iphonesimulator/Marilena.app/SystemExtensions --scan-folder /Users/mariomoschetta/Downloads/Marilena/DerivedData/Build/Products/Debug-iphonesimulator/Marilena.app/Extensions --platform iphonesimulator --toolchain /Applications/Xcode.app/Contents/Developer/Toolchains/XcodeDefault.xctoolchain --destination /Users/mariomoschetta/Downloads/Marilena/DerivedData/Build/Products/Debug-iphonesimulator/Marilena.app/Frameworks --strip-bitcode --strip-bitcode-tool /Applications/Xcode.app/Contents/Developer/Toolchains/XcodeDefault.xctoolchain/usr/bin/bitcode_strip --emit-dependency-info /Users/mariomoschetta/Downloads/Marilena/DerivedData/Build/Intermediates.noindex/Marilena.build/Debug-iphonesimulator/Marilena.build/SwiftStdLibToolInputDependencies.dep --filter-for-swift-os

ExtractAppIntentsMetadata (in target 'Marilena' from project 'Marilena')
    cd /Users/mariomoschetta/Downloads/Marilena
    /Applications/Xcode.app/Contents/Developer/Toolchains/XcodeDefault.xctoolchain/usr/bin/appintentsmetadataprocessor --toolchain-dir /Applications/Xcode.app/Contents/Developer/Toolchains/XcodeDefault.xctoolchain --module-name Marilena --sdk-root /Applications/Xcode.app/Contents/Developer/Platforms/iPhoneSimulator.platform/Developer/SDKs/iPhoneSimulator26.0.sdk --xcode-version 17A321 --platform-family iOS --deployment-target 26.0 --bundle-identifier Mario.Marilena --output /Users/mariomoschetta/Downloads/Marilena/DerivedData/Build/Products/Debug-iphonesimulator/Marilena.app --target-triple arm64-apple-ios26.0-simulator --binary-file /Users/mariomoschetta/Downloads/Marilena/DerivedData/Build/Products/Debug-iphonesimulator/Marilena.app/Marilena --dependency-file /Users/mariomoschetta/Downloads/Marilena/DerivedData/Build/Intermediates.noindex/Marilena.build/Debug-iphonesimulator/Marilena.build/Objects-normal/arm64/Marilena_dependency_info.dat --stringsdata-file /Users/mariomoschetta/Downloads/Marilena/DerivedData/Build/Intermediates.noindex/Marilena.build/Debug-iphonesimulator/Marilena.build/Objects-normal/arm64/ExtractedAppShortcutsMetadata.stringsdata --source-file-list /Users/mariomoschetta/Downloads/Marilena/DerivedData/Build/Intermediates.noindex/Marilena.build/Debug-iphonesimulator/Marilena.build/Objects-normal/arm64/Marilena.SwiftFileList --metadata-file-list /Users/mariomoschetta/Downloads/Marilena/DerivedData/Build/Intermediates.noindex/Marilena.build/Debug-iphonesimulator/Marilena.build/Marilena.DependencyMetadataFileList --static-metadata-file-list /Users/mariomoschetta/Downloads/Marilena/DerivedData/Build/Intermediates.noindex/Marilena.build/Debug-iphonesimulator/Marilena.build/Marilena.DependencyStaticMetadataFileList --swift-const-vals-list /Users/mariomoschetta/Downloads/Marilena/DerivedData/Build/Intermediates.noindex/Marilena.build/Debug-iphonesimulator/Marilena.build/Objects-normal/arm64/Marilena.SwiftConstValuesFileList --compile-time-extraction --deployment-aware-processing --validate-assistant-intents --no-app-shortcuts-localization
2025-11-29 10:13:26.472 appintentsmetadataprocessor[17454:4417470] Starting appintentsmetadataprocessor export
2025-11-29 10:13:26.619 appintentsmetadataprocessor[17454:4417470] Writing Metadata.appintents
2025-11-29 10:13:26.619 appintentsmetadataprocessor[17454:4417470] Metadata root: /Users/mariomoschetta/Downloads/Marilena/DerivedData/Build/Products/Debug-iphonesimulator/Marilena.app/Metadata.appintents

AppIntentsSSUTraining (in target 'Marilena' from project 'Marilena')
    cd /Users/mariomoschetta/Downloads/Marilena
    /Applications/Xcode.app/Contents/Developer/Toolchains/XcodeDefault.xctoolchain/usr/bin/appintentsnltrainingprocessor --infoplist-path /Users/mariomoschetta/Downloads/Marilena/DerivedData/Build/Products/Debug-iphonesimulator/Marilena.app/Info.plist --temp-dir-path /Users/mariomoschetta/Downloads/Marilena/DerivedData/Build/Intermediates.noindex/Marilena.build/Debug-iphonesimulator/Marilena.build/ssu --bundle-id Mario.Marilena --product-path /Users/mariomoschetta/Downloads/Marilena/DerivedData/Build/Products/Debug-iphonesimulator/Marilena.app --extracted-metadata-path /Users/mariomoschetta/Downloads/Marilena/DerivedData/Build/Products/Debug-iphonesimulator/Marilena.app/Metadata.appintents --metadata-file-list /Users/mariomoschetta/Downloads/Marilena/DerivedData/Build/Intermediates.noindex/Marilena.build/Debug-iphonesimulator/Marilena.build/Marilena.DependencyMetadataFileList --archive-ssu-assets
2025-11-29 10:13:26.648 appintentsnltrainingprocessor[17457:4417497] Parsing options for appintentsnltrainingprocessor
2025-11-29 10:13:26.648 appintentsnltrainingprocessor[17457:4417497] Starting AppIntents SSU YAML Generation
2025-11-29 10:13:26.658 appintentsnltrainingprocessor[17457:4417497] Training 'Avvia registrazione con ${+applicationName}|Inizia a registrare con ${+applicationName}|Registra audio con ${+applicationName}' for en
2025-11-29 10:13:26.658 appintentsnltrainingprocessor[17457:4417497] Training 'Ferma registrazione con ${+applicationName}|Stop registrazione con ${+applicationName}|Termina registrazione con ${+applicationName}' for en
2025-11-29 10:13:26.658 appintentsnltrainingprocessor[17457:4417497] Training Negative Phrases '' for en
2025-11-29 10:13:26.658 appintentsnltrainingprocessor[17457:4417497] Application name 'Marilena' for en
2025-11-29 10:13:26.667 appintentsnltrainingprocessor[17457:4417497] Generated AppIntents SSU YAML files in file:///Users/mariomoschetta/Downloads/Marilena/DerivedData/Build/Intermediates.noindex/Marilena.build/Debug-iphonesimulator/Marilena.build/ssu/
2025-11-29 10:13:26.667 appintentsnltrainingprocessor[17457:4417497] Copied AppIntents SSU YAML files to file:///Users/mariomoschetta/Downloads/Marilena/DerivedData/Build/Products/Debug-iphonesimulator/Marilena.app/Metadata.appintents/
Archiving all locales.
[------------------------------------------------------------] 0% archiving en[🁢🁢🁢🁢🁢🁢🁢🁢🁢🁢🁢🁢🁢🁢🁢🁢🁢🁢🁢🁢🁢🁢🁢🁢🁢🁢🁢🁢🁢🁢🁢🁢🁢🁢🁢🁢🁢🁢🁢🁢🁢🁢🁢🁢🁢🁢🁢🁢🁢🁢🁢🁢🁢🁢🁢🁢🁢🁢🁢🁢] 100% archived en[🁢🁢🁢🁢🁢🁢🁢🁢🁢🁢🁢🁢🁢🁢🁢🁢🁢🁢🁢🁢🁢🁢🁢🁢🁢🁢🁢🁢🁢🁢🁢🁢🁢🁢🁢🁢🁢🁢🁢🁢🁢🁢🁢🁢🁢🁢🁢🁢🁢🁢🁢🁢🁢🁢🁢🁢🁢🁢🁢🁢] 100% archived 1 locales/Users/mariomoschetta/Downloads/Marilena/DerivedData/Build/Products/Debug-iphonesimulator/Marilena.app/Metadata.appintents/nlu
/Users/mariomoschetta/Downloads/Marilena/DerivedData/Build/Products/Debug-iphonesimulator/Marilena.app/Metadata.appintents/nlu/e264db0cf6d701fc069479a86b63624d.version


CodeSign /Users/mariomoschetta/Downloads/Marilena/DerivedData/Build/Products/Debug-iphonesimulator/Marilena.app/Marilena.debug.dylib (in target 'Marilena' from project 'Marilena')
    cd /Users/mariomoschetta/Downloads/Marilena
    
    Signing Identity:     "Sign to Run Locally"
    
    /usr/bin/codesign --force --sign - --timestamp\=none --generate-entitlement-der /Users/mariomoschetta/Downloads/Marilena/DerivedData/Build/Products/Debug-iphonesimulator/Marilena.app/Marilena.debug.dylib

CodeSign /Users/mariomoschetta/Downloads/Marilena/DerivedData/Build/Products/Debug-iphonesimulator/Marilena.app/__preview.dylib (in target 'Marilena' from project 'Marilena')
    cd /Users/mariomoschetta/Downloads/Marilena
    
    Signing Identity:     "Sign to Run Locally"
    
    /usr/bin/codesign --force --sign - --timestamp\=none --generate-entitlement-der /Users/mariomoschetta/Downloads/Marilena/DerivedData/Build/Products/Debug-iphonesimulator/Marilena.app/__preview.dylib

CodeSign /Users/mariomoschetta/Downloads/Marilena/DerivedData/Build/Products/Debug-iphonesimulator/Marilena.app (in target 'Marilena' from project 'Marilena')
    cd /Users/mariomoschetta/Downloads/Marilena
    
    Signing Identity:     "Sign to Run Locally"
    
    /usr/bin/codesign --force --sign - --timestamp\=none --generate-entitlement-der /Users/mariomoschetta/Downloads/Marilena/DerivedData/Build/Products/Debug-iphonesimulator/Marilena.app

RegisterExecutionPolicyException /Users/mariomoschetta/Downloads/Marilena/DerivedData/Build/Products/Debug-iphonesimulator/Marilena.app (in target 'Marilena' from project 'Marilena')
    cd /Users/mariomoschetta/Downloads/Marilena
    builtin-RegisterExecutionPolicyException /Users/mariomoschetta/Downloads/Marilena/DerivedData/Build/Products/Debug-iphonesimulator/Marilena.app

Validate /Users/mariomoschetta/Downloads/Marilena/DerivedData/Build/Products/Debug-iphonesimulator/Marilena.app (in target 'Marilena' from project 'Marilena')
    cd /Users/mariomoschetta/Downloads/Marilena
    builtin-validationUtility /Users/mariomoschetta/Downloads/Marilena/DerivedData/Build/Products/Debug-iphonesimulator/Marilena.app -shallow-bundle -infoplist-subpath Info.plist

Touch /Users/mariomoschetta/Downloads/Marilena/DerivedData/Build/Products/Debug-iphonesimulator/Marilena.app (in target 'Marilena' from project 'Marilena')
    cd /Users/mariomoschetta/Downloads/Marilena
    /usr/bin/touch -c /Users/mariomoschetta/Downloads/Marilena/DerivedData/Build/Products/Debug-iphonesimulator/Marilena.app

** BUILD SUCCEEDED **

